id,tenant_id,garment_id,size_code,chest_cm,waist_cm,hip_cm,length_cm,rest_length_path,created_at,external_sku
25e2c6b0-a424-48b5-8563-6dc1d194e9bd,8a81117f-67e1-40e8-9901-f93be24dd4e9,bd30c7a6-77d9-4fab-aa4e-129702ead44b,XL,84.074,75.946,98.044,139.954,,"2026-09-12 10:53:32.423688+00",100100795540244
a3c946b7-07c9-4a06-a417-43d5d2c442a4,8a81117f-67e1-40e8-9901-f93be24dd4e9,bd30c7a6-77d9-4fab-aa4e-129702ead44b,XXL,87.884,80.01,102.108,140.97,,"2026-09-12 10:53:32.702075+00",100100795545132
36e0af00-7b1c-4b65-aee2-b1e96602cac4,8a81117f-67e1-40e8-9901-f93be24dd4e9,27e921ef-2aee-4236-915f-47efeab129a7,S,71.882,64.008,86.106,136.906,,"2026-09-12 10:53:34.625979+00",100100795540673
add7b13d-6baf-45f4-a956-a72243dee2cc,8a81117f-67e1-40e8-9901-f93be24dd4e9,27e921ef-2aee-4236-915f-47efeab129a7,M,75.946,68.072,89.916,137.922,,"2026-09-12 10:53:34.9234+00",100100795540906
133765b8-d924-4cad-a94b-30fc59d7dc66,8a81117f-67e1-40e8-9901-f93be24dd4e9,27e921ef-2aee-4236-915f-47efeab129a7,L,80.01,71.882,93.98,138.938,,"2026-09-12 10:53:35.280115+00",100100795545793
74807199-f78f-4be6-ae8d-db9e18b9b483,8a81117f-67e1-40e8-9901-f93be24dd4e9,27e921ef-2aee-4236-915f-47efeab129a7,XXL,87.884,80.01,102.108,140.97,,"2026-09-12 10:53:35.853682+00",100100795548088
c6df77d7-9883-4ce1-841f-ee9970b71134,8a81117f-67e1-40e8-9901-f93be24dd4e9,6106ec83-b972-4ea1-8f4f-d132fec05fc8,S,71.882,64.008,86.106,136.906,,"2026-09-12 10:53:38.114372+00",100100795547413
cb0166b3-e601-457e-a84f-5558ab871f0d,8a81117f-67e1-40e8-9901-f93be24dd4e9,6106ec83-b972-4ea1-8f4f-d132fec05fc8,M,75.946,68.072,89.916,137.922,,"2026-09-12 10:53:38.413007+00",100100795542000
debb15da-f571-4658-aa9e-64157cd8c34a,8a81117f-67e1-40e8-9901-f93be24dd4e9,6106ec83-b972-4ea1-8f4f-d132fec05fc8,L,80.01,71.882,93.98,138.938,,"2026-09-12 10:53:38.75143+00",100100795546316
0b0264b0-1da1-4eac-ba27-8355d50c5c86,8a81117f-67e1-40e8-9901-f93be24dd4e9,6106ec83-b972-4ea1-8f4f-d132fec05fc8,XL,84.074,75.946,98.044,139.954,,"2026-09-12 10:53:39.033567+00",100100795544798
bf5d1c84-cbba-4366-8d99-3c229e83b582,8a81117f-67e1-40e8-9901-f93be24dd4e9,6106ec83-b972-4ea1-8f4f-d132fec05fc8,XXL,87.884,80.01,102.108,140.97,,"2026-09-12 10:53:39.301261+00",100100795548282
aa073a35-4e2a-432f-8855-fb6dce3d5b06,8a81117f-67e1-40e8-9901-f93be24dd4e9,ec28fd65-a70e-4cb8-b6e0-d0dc2543db3e,S,71.882,64.008,86.106,136.906,,"2026-09-12 10:53:40.961099+00",100100795543597
9cfc3d12-037c-4896-b02d-d820c9c9f1bf,8a81117f-67e1-40e8-9901-f93be24dd4e9,ec28fd65-a70e-4cb8-b6e0-d0dc2543db3e,M,75.946,68.072,89.916,137.922,,"2026-09-12 10:53:41.313763+00",100100795540001
8cbcaeb2-b1bb-44b1-b617-40db4960fd78,8a81117f-67e1-40e8-9901-f93be24dd4e9,ec28fd65-a70e-4cb8-b6e0-d0dc2543db3e,L,80.01,71.882,93.98,138.938,,"2026-09-12 10:53:41.603668+00",100100795547459
c108fef9-8949-41a0-bb9d-a844fb0073f1,8a81117f-67e1-40e8-9901-f93be24dd4e9,ec28fd65-a70e-4cb8-b6e0-d0dc2543db3e,XL,84.074,75.946,98.044,139.954,,"2026-09-12 10:53:41.879589+00",100100795543332
e9b7aaa7-cdca-48c7-a081-02ad060689e9,8a81117f-67e1-40e8-9901-f93be24dd4e9,ec28fd65-a70e-4cb8-b6e0-d0dc2543db3e,XXL,87.884,80.01,102.108,140.97,,"2026-09-12 10:53:42.178627+00",100100795544377
7e48cd1b-df6c-44b0-811d-a53aa17cc565,8a81117f-67e1-40e8-9901-f93be24dd4e9,8c02b6fc-094a-4c8d-b425-37746f1a2d96,S,130.048,119.888,146.05,138.938,,"2026-09-12 10:53:45.439865+00",100100269823096
6e80742e-a334-49bb-953f-e0d72bd3a113,8a81117f-67e1-40e8-9901-f93be24dd4e9,8c02b6fc-094a-4c8d-b425-37746f1a2d96,M,134.112,123.952,150.114,139.954,,"2026-09-12 10:53:45.78753+00",100100269821901
45c9313d-8466-4f65-9a88-c6cb5d14efc7,8a81117f-67e1-40e8-9901-f93be24dd4e9,8c02b6fc-094a-4c8d-b425-37746f1a2d96,L,137.922,128.016,153.924,140.97,,"2026-09-12 10:53:46.19834+00",100100269824338
03d07e70-f016-4774-b496-f14352cd9a0a,8a81117f-67e1-40e8-9901-f93be24dd4e9,8c02b6fc-094a-4c8d-b425-37746f1a2d96,XL,141.986,132.08,157.988,141.986,,"2026-09-12 10:53:47.028767+00",100100269820208
c674920f-e32b-41c1-b073-ed8e1d0505c2,8a81117f-67e1-40e8-9901-f93be24dd4e9,391a9cd0-7de6-4242-8e8f-2b5482014612,S,130.048,119.888,146.05,138.938,,"2026-09-12 10:53:49.053392+00",100100269827108
8e16cec8-fb63-455d-b298-9e086c653273,8a81117f-67e1-40e8-9901-f93be24dd4e9,391a9cd0-7de6-4242-8e8f-2b5482014612,M,134.112,123.952,150.114,139.954,,"2026-09-12 10:53:49.320484+00",100100269823618
21ff6963-a93a-449c-953d-a063212071f0,8a81117f-67e1-40e8-9901-f93be24dd4e9,391a9cd0-7de6-4242-8e8f-2b5482014612,L,137.922,128.016,153.924,140.97,,"2026-09-12 10:53:49.683964+00",100100269820337
6d590bc8-51f8-403b-8447-05a44ffd9a7e,8a81117f-67e1-40e8-9901-f93be24dd4e9,391a9cd0-7de6-4242-8e8f-2b5482014612,XL,141.986,132.08,157.988,141.986,,"2026-09-12 10:53:49.95277+00",100100269826617
b10c1d7c-697e-417d-a134-e892379f4b7f,8a81117f-67e1-40e8-9901-f93be24dd4e9,13290582-2c0e-4b57-a823-b56521773493,S,112.014,59.944,103.886,14.986,,"2026-09-12 10:54:06.916015+00",100100367792647
13e24d89-4a8c-46b0-bab0-311ee615c61f,8a81117f-67e1-40e8-9901-f93be24dd4e9,fc7a2249-b297-4a2f-805b-d012ec3d352c,XS,81.28,68.58,86.36,147.32,,"2026-09-12 10:53:50.181045+00",100101695719924
c43d828c-548a-4e0c-8fb7-aee7d4ddddfa,8a81117f-67e1-40e8-9901-f93be24dd4e9,13290582-2c0e-4b57-a823-b56521773493,M,116.078,64.008,107.95,14.986,,"2026-09-12 10:54:07.369617+00",100100367798434
cf8ac914-718f-439f-a044-5b06f3e9cdc2,8a81117f-67e1-40e8-9901-f93be24dd4e9,13290582-2c0e-4b57-a823-b56521773493,L,121.92,70.104,114.046,14.986,,"2026-09-12 10:54:07.661431+00",100100367796106
6c656c01-7a93-46d1-8f4d-68706b1d68fa,8a81117f-67e1-40e8-9901-f93be24dd4e9,13290582-2c0e-4b57-a823-b56521773493,XL,128.016,75.946,119.888,14.986,,"2026-09-12 10:54:07.935679+00",100100367793130
9da0759d-5200-4945-85b5-dceeefbfd4eb,8a81117f-67e1-40e8-9901-f93be24dd4e9,efe92641-8d3c-4660-acd9-c7a044ca8e3d,S,112.014,59.944,103.886,14.986,,"2026-09-12 10:54:10.423517+00",100100367799001
a776f110-8405-451a-8819-f72b5790ebcf,8a81117f-67e1-40e8-9901-f93be24dd4e9,efe92641-8d3c-4660-acd9-c7a044ca8e3d,M,116.078,64.008,107.95,14.986,,"2026-09-12 10:54:10.774091+00",100100367798944
9f82dd68-e838-4a2c-8b43-5fc9d96344fc,8a81117f-67e1-40e8-9901-f93be24dd4e9,efe92641-8d3c-4660-acd9-c7a044ca8e3d,L,121.92,70.104,114.046,14.986,,"2026-09-12 10:54:11.126678+00",100100367796079
82b9487b-f7dd-4584-8596-fcca1c5d9533,8a81117f-67e1-40e8-9901-f93be24dd4e9,efe92641-8d3c-4660-acd9-c7a044ca8e3d,XL,128.016,75.946,119.888,14.986,,"2026-09-12 10:54:11.47885+00",100100367793292
da3cd36b-cab4-48e1-812d-b72a095d0ccc,8a81117f-67e1-40e8-9901-f93be24dd4e9,b1e8fc5c-1a7d-4460-aa69-a815dd6a9085,S,112.014,59.944,103.886,14.986,,"2026-09-12 10:54:13.61715+00",100100367796358
fca7e83d-2821-41bb-9091-370468399721,8a81117f-67e1-40e8-9901-f93be24dd4e9,b1e8fc5c-1a7d-4460-aa69-a815dd6a9085,M,116.078,64.008,107.95,14.986,,"2026-09-12 10:54:13.895996+00",100100367795145
468f738c-2a99-40bc-8a60-a1cf40075dc1,8a81117f-67e1-40e8-9901-f93be24dd4e9,b1e8fc5c-1a7d-4460-aa69-a815dd6a9085,L,121.92,70.104,114.046,14.986,,"2026-09-12 10:54:14.164943+00",100100367795915
d8ce2a04-be13-476e-8c32-581f1d7fad0d,8a81117f-67e1-40e8-9901-f93be24dd4e9,b1e8fc5c-1a7d-4460-aa69-a815dd6a9085,XL,128.016,75.946,119.888,14.986,,"2026-09-12 10:54:14.590366+00",100100367796542
f480951c-aa5a-47e6-8442-cf9f7b2bfe09,8a81117f-67e1-40e8-9901-f93be24dd4e9,41e98e0e-2714-4c0d-964f-a836d649de0c,S,112.014,59.944,103.886,14.986,,"2026-09-12 10:54:16.589408+00",100100367796423
073826c6-875b-487c-a5b3-7e3bea09ccde,8a81117f-67e1-40e8-9901-f93be24dd4e9,41e98e0e-2714-4c0d-964f-a836d649de0c,M,116.078,64.008,107.95,14.986,,"2026-09-12 10:54:16.871841+00",100100367799354
6d0ca0ed-2a8c-4000-b2e3-c686f59fac39,8a81117f-67e1-40e8-9901-f93be24dd4e9,41e98e0e-2714-4c0d-964f-a836d649de0c,L,121.92,70.104,114.046,14.986,,"2026-09-12 10:54:17.133432+00",100100367797335
4b4f46b9-734d-4bdd-bb13-16be066cd063,8a81117f-67e1-40e8-9901-f93be24dd4e9,41e98e0e-2714-4c0d-964f-a836d649de0c,XL,128.016,75.946,119.888,14.986,,"2026-09-12 10:54:17.405643+00",100100367798818
16045ba4-e1dc-4f09-97fb-09f62bdbcb07,8a81117f-67e1-40e8-9901-f93be24dd4e9,c75291fc-0f6e-4551-8c6e-b8f6deb03894,4,70.104,64.008,70.104,75.946,,"2026-09-12 10:54:27.381566+00",100100828600902
1b5b213a-b8df-42c7-8731-40a12d41c7d1,8a81117f-67e1-40e8-9901-f93be24dd4e9,c75291fc-0f6e-4551-8c6e-b8f6deb03894,6,73.914,68.072,73.914,77.978,,"2026-09-12 10:54:27.649568+00",100100828604175
96b0df2d-3908-40ce-8579-2f323a1a186b,8a81117f-67e1-40e8-9901-f93be24dd4e9,c75291fc-0f6e-4551-8c6e-b8f6deb03894,8,77.978,71.882,77.978,80.01,,"2026-09-12 10:54:27.911538+00",100100828609247
d0879caf-eee3-43ea-9fb9-6341de7c3042,8a81117f-67e1-40e8-9901-f93be24dd4e9,c75291fc-0f6e-4551-8c6e-b8f6deb03894,10,82.042,75.946,82.042,82.042,,"2026-09-12 10:54:28.186484+00",100100828603547
c57dcf12-04dc-4b99-a0e2-829a7e035bc6,8a81117f-67e1-40e8-9901-f93be24dd4e9,c75291fc-0f6e-4551-8c6e-b8f6deb03894,12,86.106,80.01,86.106,84.074,,"2026-09-12 10:54:28.471498+00",100100828607642
1a7c5ea9-28ef-4b08-b87d-74f822a9aa95,8a81117f-67e1-40e8-9901-f93be24dd4e9,949e1da7-aeb6-4095-90b4-45241093e45f,4,70.104,64.008,70.104,75.946,,"2026-09-12 10:54:30.165853+00",100100828602994
c3fea042-aa8e-44ef-8173-1b370913370b,8a81117f-67e1-40e8-9901-f93be24dd4e9,949e1da7-aeb6-4095-90b4-45241093e45f,6,73.914,68.072,73.914,77.978,,"2026-09-12 10:54:30.449149+00",100100828605598
0f121de1-1088-4749-98c8-881a71e2ab0c,8a81117f-67e1-40e8-9901-f93be24dd4e9,949e1da7-aeb6-4095-90b4-45241093e45f,8,77.978,71.882,77.978,80.01,,"2026-09-12 10:54:30.783466+00",100100828605515
53162265-4664-4923-82eb-c06de83477ed,8a81117f-67e1-40e8-9901-f93be24dd4e9,949e1da7-aeb6-4095-90b4-45241093e45f,10,82.042,75.946,82.042,82.042,,"2026-09-12 10:54:31.22333+00",100100828602432
50bbab98-cbc1-490c-a4b6-ba5b96e530f1,8a81117f-67e1-40e8-9901-f93be24dd4e9,949e1da7-aeb6-4095-90b4-45241093e45f,12,86.106,80.01,86.106,84.074,,"2026-09-12 10:54:31.734046+00",100100828602643
3ef10eac-0169-46a6-99c2-678a98edabc8,8a81117f-67e1-40e8-9901-f93be24dd4e9,bd30c7a6-77d9-4fab-aa4e-129702ead44b,L,80.01,71.882,93.98,138.938,,"2026-09-12 10:53:32.13624+00",100100795549293
f751fabb-9302-4840-baa5-fddeb540b5ec,8a81117f-67e1-40e8-9901-f93be24dd4e9,f4a59e33-8aa9-4e46-a086-73c93e85d18f,4,70.104,64.008,70.104,75.946,,"2026-09-12 10:54:34.091596+00",100100828603908
647bfa0f-ab70-4c05-88af-50a3a0cfbbea,8a81117f-67e1-40e8-9901-f93be24dd4e9,f4a59e33-8aa9-4e46-a086-73c93e85d18f,8,77.978,71.882,77.978,80.01,,"2026-09-12 10:54:34.642727+00",100100828600589
b6a30d99-b7aa-448d-a605-4f36bc903b21,8a81117f-67e1-40e8-9901-f93be24dd4e9,9732411e-a071-43ba-be34-c4a4223b2d9f,L,107.95,,,28.448,,"2026-09-12 19:04:39.915938+00",100400152476515
ef7d5c63-e82b-4626-842d-7b4a1afbbd6f,8a81117f-67e1-40e8-9901-f93be24dd4e9,9732411e-a071-43ba-be34-c4a4223b2d9f,XL,114.046,,,28.956,,"2026-09-12 19:04:40.202858+00",100400152478043
c9e03eba-9ce3-47ef-ad26-30bcea1e3b41,8a81117f-67e1-40e8-9901-f93be24dd4e9,9732411e-a071-43ba-be34-c4a4223b2d9f,XXL,119.888,,,29.464,,"2026-09-12 19:04:40.482656+00",100400152474411
9396cda0-27a6-454a-95d2-549b77fee2b4,8a81117f-67e1-40e8-9901-f93be24dd4e9,9732411e-a071-43ba-be34-c4a4223b2d9f,XXXL,125.984,,,29.972,,"2026-09-12 19:04:40.757377+00",
2f8c6e46-2314-418c-b2be-5e17c8719639,8a81117f-67e1-40e8-9901-f93be24dd4e9,afd795cd-088c-4f39-b0f9-41990a6f1374,M,102.108,,,27.94,,"2026-09-12 19:04:41.350164+00",100400152476881
a691dc74-0f1b-4408-b39f-e522c43270d0,8a81117f-67e1-40e8-9901-f93be24dd4e9,afd795cd-088c-4f39-b0f9-41990a6f1374,L,107.95,,,28.448,,"2026-09-12 19:04:41.624705+00",100400152478990
f651b7ff-01bc-4b0e-aac6-d8ac2ebf6be3,8a81117f-67e1-40e8-9901-f93be24dd4e9,afd795cd-088c-4f39-b0f9-41990a6f1374,XL,114.046,,,28.956,,"2026-09-12 19:04:41.903803+00",100400152477100
24854a59-9869-4a7e-b6f4-2c6364017abc,8a81117f-67e1-40e8-9901-f93be24dd4e9,afd795cd-088c-4f39-b0f9-41990a6f1374,XXL,119.888,,,29.464,,"2026-09-12 19:04:42.174127+00",100400152471663
49b0d13c-75cb-4265-a10c-319b9b8c07fc,8a81117f-67e1-40e8-9901-f93be24dd4e9,afd795cd-088c-4f39-b0f9-41990a6f1374,XXXL,125.984,,,29.972,,"2026-09-12 19:04:42.442126+00",
14b0ada5-72f3-4f10-8389-b78999051cb7,8a81117f-67e1-40e8-9901-f93be24dd4e9,660a47d6-f022-442a-8002-f088ad47380a,M,102.108,,,27.94,,"2026-09-12 19:04:43.01736+00",100400152471191
83b858c1-caf6-44a7-af5c-ecb60cb4ecf6,8a81117f-67e1-40e8-9901-f93be24dd4e9,660a47d6-f022-442a-8002-f088ad47380a,L,107.95,,,28.448,,"2026-09-12 19:04:43.301743+00",100400152479723
d6bc40bd-d335-49ee-a82f-a3cb2b4ad540,8a81117f-67e1-40e8-9901-f93be24dd4e9,660a47d6-f022-442a-8002-f088ad47380a,XL,114.046,,,28.956,,"2026-09-12 19:04:43.571518+00",100400152473487
87cdbd0e-22b3-41ff-89f8-9350ba7a7a79,8a81117f-67e1-40e8-9901-f93be24dd4e9,660a47d6-f022-442a-8002-f088ad47380a,XXL,119.888,,,29.464,,"2026-09-12 19:04:43.851484+00",100400152473288
fe4c914a-c053-4787-a6f6-c4fb684166a2,8a81117f-67e1-40e8-9901-f93be24dd4e9,660a47d6-f022-442a-8002-f088ad47380a,XXXL,125.984,,,29.972,,"2026-09-12 19:04:44.190874+00",
2bd10c2c-b1c0-4e26-a316-8de373132692,8a81117f-67e1-40e8-9901-f93be24dd4e9,f2358dba-dfcb-4d4a-9ce5-51fdbf9d10e2,M,102.108,,,27.94,,"2026-09-12 19:04:44.751809+00",100400152477308
85880dbb-14b3-4c2e-88ce-3d41ab36ce77,8a81117f-67e1-40e8-9901-f93be24dd4e9,f2358dba-dfcb-4d4a-9ce5-51fdbf9d10e2,XL,114.046,,,28.956,,"2026-09-12 19:04:45.332683+00",100400152479924
8ce6acde-4d0e-464c-a7cb-534f4102084d,8a81117f-67e1-40e8-9901-f93be24dd4e9,f2358dba-dfcb-4d4a-9ce5-51fdbf9d10e2,XXL,119.888,,,29.464,,"2026-09-12 19:04:45.6034+00",100400152471727
0a270899-205e-491f-b504-c55bd37c286e,8a81117f-67e1-40e8-9901-f93be24dd4e9,f2358dba-dfcb-4d4a-9ce5-51fdbf9d10e2,XXXL,125.984,,,29.972,,"2026-09-12 19:04:45.872751+00",
e6a7457c-9c27-424a-929c-d73f00505415,8a81117f-67e1-40e8-9901-f93be24dd4e9,ed30306b-164e-418c-a9b7-64ab5bf7afe0,M,102.108,,,27.94,,"2026-09-12 19:04:46.472813+00",100400152477469
7b678a63-094d-4e16-b640-1a4b92f1b497,8a81117f-67e1-40e8-9901-f93be24dd4e9,ed30306b-164e-418c-a9b7-64ab5bf7afe0,L,107.95,,,28.448,,"2026-09-12 19:04:46.782489+00",100400152475020
e6201ce4-f8e9-43cd-8328-dbe3d1bded25,8a81117f-67e1-40e8-9901-f93be24dd4e9,ed30306b-164e-418c-a9b7-64ab5bf7afe0,XL,114.046,,,28.956,,"2026-09-12 19:04:47.109724+00",100400152471298
80532acf-8f03-4d11-a09d-0adf250a7d59,8a81117f-67e1-40e8-9901-f93be24dd4e9,ed30306b-164e-418c-a9b7-64ab5bf7afe0,XXL,119.888,,,29.464,,"2026-09-12 19:04:47.386789+00",100400152478850
93c235b3-28e6-448a-86fa-de318bdc8097,8a81117f-67e1-40e8-9901-f93be24dd4e9,ed30306b-164e-418c-a9b7-64ab5bf7afe0,XXXL,125.984,,,29.972,,"2026-09-12 19:04:47.661557+00",
d727281b-4b12-481d-abb6-9502d5b0022c,8a81117f-67e1-40e8-9901-f93be24dd4e9,673c113f-9dcc-40a3-b87b-68020b7f8a41,M,102.108,,,27.94,,"2026-09-12 19:04:48.258458+00",100400152476617
790ad3df-03b9-41aa-a07b-c5f4f44290b4,8a81117f-67e1-40e8-9901-f93be24dd4e9,673c113f-9dcc-40a3-b87b-68020b7f8a41,L,107.95,,,28.448,,"2026-09-12 19:04:48.553844+00",100400152475556
7240045b-9423-4079-ad49-2b8560fb30d6,8a81117f-67e1-40e8-9901-f93be24dd4e9,673c113f-9dcc-40a3-b87b-68020b7f8a41,XL,114.046,,,28.956,,"2026-09-12 19:04:48.853456+00",100400152471325
f9c3bf11-6948-4753-9076-2c00b29d779f,8a81117f-67e1-40e8-9901-f93be24dd4e9,673c113f-9dcc-40a3-b87b-68020b7f8a41,XXL,119.888,,,29.464,,"2026-09-12 19:04:49.151842+00",100400152470140
99cad164-0b12-4758-afc7-dfcebbadd70d,8a81117f-67e1-40e8-9901-f93be24dd4e9,673c113f-9dcc-40a3-b87b-68020b7f8a41,XXXL,125.984,,,29.972,,"2026-09-12 19:04:49.418329+00",
ca6ca105-54d4-439b-8a7c-25af1823c699,8a81117f-67e1-40e8-9901-f93be24dd4e9,57247bd7-113d-4654-8ed4-d8e0308096a8,M,102.108,,,27.94,,"2026-09-12 19:04:49.99072+00",100400152471131
dd5313fe-0969-43f8-b38a-fd7509b55789,8a81117f-67e1-40e8-9901-f93be24dd4e9,57247bd7-113d-4654-8ed4-d8e0308096a8,L,107.95,,,28.448,,"2026-09-12 19:04:50.268229+00",100400152477256
85fe9f81-d585-46e6-8c91-cb468eef8630,8a81117f-67e1-40e8-9901-f93be24dd4e9,57247bd7-113d-4654-8ed4-d8e0308096a8,XL,114.046,,,28.956,,"2026-09-12 19:04:50.540976+00",100400152479848
2d7a0a3c-7183-4c6d-9e05-9bc110ea261c,8a81117f-67e1-40e8-9901-f93be24dd4e9,57247bd7-113d-4654-8ed4-d8e0308096a8,XXL,119.888,,,29.464,,"2026-09-12 19:04:50.819266+00",100400152479453
32f7e039-cd83-46f1-80e2-9a91226cbaf8,8a81117f-67e1-40e8-9901-f93be24dd4e9,57247bd7-113d-4654-8ed4-d8e0308096a8,XXXL,125.984,,,29.972,,"2026-09-12 19:04:51.101962+00",
07225a54-bdbe-498d-bb6a-a265557dc6c3,8a81117f-67e1-40e8-9901-f93be24dd4e9,6254ad07-4730-46f6-9e72-751893290830,M,102.108,,,27.94,,"2026-09-12 19:04:51.659959+00",100400152471650
c3ed9cd8-878e-4906-b7b5-030b4a64f08d,8a81117f-67e1-40e8-9901-f93be24dd4e9,6254ad07-4730-46f6-9e72-751893290830,L,107.95,,,28.448,,"2026-09-12 19:04:51.939796+00",100400152471772
7f782aa0-7c38-4f3b-8ed1-38b8e08bffaf,8a81117f-67e1-40e8-9901-f93be24dd4e9,6254ad07-4730-46f6-9e72-751893290830,XL,114.046,,,28.956,,"2026-09-12 19:04:52.219849+00",100400152479725
e555d18e-5938-4c20-bf15-3cce7f6b3c01,8a81117f-67e1-40e8-9901-f93be24dd4e9,6254ad07-4730-46f6-9e72-751893290830,XXL,119.888,,,29.464,,"2026-09-12 19:04:52.497376+00",100400152473172
e6e9e63b-290d-49dd-a30b-3a0b9389cb95,8a81117f-67e1-40e8-9901-f93be24dd4e9,6254ad07-4730-46f6-9e72-751893290830,XXXL,125.984,,,29.972,,"2026-09-12 19:04:52.78355+00",
082e4859-9f57-40ba-9eb9-92e1c698973d,8a81117f-67e1-40e8-9901-f93be24dd4e9,73a5988f-f124-4ef8-b8a6-3b1ad8f2ae66,S,102.108,,,71.882,,"2026-09-12 19:04:53.06367+00",100400739158540
8f580332-b588-4a2b-9da0-6295e11dd698,8a81117f-67e1-40e8-9901-f93be24dd4e9,73a5988f-f124-4ef8-b8a6-3b1ad8f2ae66,M,107.95,,,73.406,,"2026-09-12 19:04:53.385842+00",100400739153221
86c258c9-c402-4d3e-9d8c-dbae32814e85,8a81117f-67e1-40e8-9901-f93be24dd4e9,73a5988f-f124-4ef8-b8a6-3b1ad8f2ae66,L,114.046,,,74.93,,"2026-09-12 19:04:53.654227+00",100400739155624
e1bd6dd3-1f00-4ac1-bf55-83e770fe63ff,8a81117f-67e1-40e8-9901-f93be24dd4e9,73a5988f-f124-4ef8-b8a6-3b1ad8f2ae66,XL,119.888,,,76.454,,"2026-09-12 19:04:53.938804+00",100400739153192
ebf2c46f-03cc-41a5-bed2-77415d6c47be,8a81117f-67e1-40e8-9901-f93be24dd4e9,73a5988f-f124-4ef8-b8a6-3b1ad8f2ae66,XXL,125.984,,,77.978,,"2026-09-12 19:04:54.212836+00",100400739153711
214bfbf2-48f2-4247-b773-cf73f0f5ec1f,8a81117f-67e1-40e8-9901-f93be24dd4e9,ce48173e-c8b9-412b-95cb-72df7c8cdb63,S,102.108,,,71.882,,"2026-09-12 19:04:54.491284+00",100400739159358
0d8ba017-1c44-467a-bb2a-ef6b24f981da,8a81117f-67e1-40e8-9901-f93be24dd4e9,ce48173e-c8b9-412b-95cb-72df7c8cdb63,M,107.95,,,73.406,,"2026-09-12 19:04:54.77207+00",100400739158824
7986681b-d12e-40b2-8e42-4869ddc8e6d1,8a81117f-67e1-40e8-9901-f93be24dd4e9,ce48173e-c8b9-412b-95cb-72df7c8cdb63,L,114.046,,,74.93,,"2026-09-12 19:04:55.050996+00",100400739150351
5ec92b30-a532-4f89-964e-a6304a49c7bb,8a81117f-67e1-40e8-9901-f93be24dd4e9,ce48173e-c8b9-412b-95cb-72df7c8cdb63,XL,119.888,,,76.454,,"2026-09-12 19:04:55.33264+00",100400739151173
3dde34b0-b519-4e8f-b55d-6f663778daa0,8a81117f-67e1-40e8-9901-f93be24dd4e9,51b1edeb-d54e-4a7e-8d59-90915fe860a4,S,102.108,,,71.882,,"2026-09-12 19:04:55.886202+00",100400739158427
5d392a80-d6cd-40a2-aa94-7ed45c344a6a,8a81117f-67e1-40e8-9901-f93be24dd4e9,51b1edeb-d54e-4a7e-8d59-90915fe860a4,M,107.95,,,73.406,,"2026-09-12 19:04:56.170416+00",100400739155347
a2960f87-c362-488e-9afa-6107d1144ae5,8a81117f-67e1-40e8-9901-f93be24dd4e9,51b1edeb-d54e-4a7e-8d59-90915fe860a4,L,114.046,,,74.93,,"2026-09-12 19:04:56.441851+00",100400739150528
55c724c3-6809-48ad-8ea9-8b29ab0ba6b8,8a81117f-67e1-40e8-9901-f93be24dd4e9,51b1edeb-d54e-4a7e-8d59-90915fe860a4,XL,119.888,,,76.454,,"2026-09-12 19:04:56.724519+00",100400739154316
78094c03-e20f-47b4-859f-e4b9c4f99db4,8a81117f-67e1-40e8-9901-f93be24dd4e9,51b1edeb-d54e-4a7e-8d59-90915fe860a4,XXL,125.984,,,77.978,,"2026-09-12 19:04:57.010353+00",100400739154315
885f7712-3ee3-441d-940e-f310c3727850,8a81117f-67e1-40e8-9901-f93be24dd4e9,7c9fc641-c295-4857-8c68-e1e2a49ea145,S,102.108,,,71.882,,"2026-09-12 19:04:57.281353+00",100400739152679
3e59ffab-85d0-4916-af15-e7e4037140bf,8a81117f-67e1-40e8-9901-f93be24dd4e9,7c9fc641-c295-4857-8c68-e1e2a49ea145,M,107.95,,,73.406,,"2026-09-12 19:04:57.564671+00",100400739157935
89af630b-349f-4730-92bc-4dcd6c44f96c,8a81117f-67e1-40e8-9901-f93be24dd4e9,7c9fc641-c295-4857-8c68-e1e2a49ea145,L,114.046,,,74.93,,"2026-09-12 19:04:57.849415+00",100400739150366
d3c77eb4-fb7a-4567-b8c0-78e1160a52fb,8a81117f-67e1-40e8-9901-f93be24dd4e9,f4a59e33-8aa9-4e46-a086-73c93e85d18f,6,73.914,68.072,73.914,77.978,,"2026-09-12 10:54:34.364743+00",100100828600799
2c13d8c4-e4f1-4764-a211-cabd5cb0a8f4,8a81117f-67e1-40e8-9901-f93be24dd4e9,f4a59e33-8aa9-4e46-a086-73c93e85d18f,10,82.042,75.946,82.042,82.042,,"2026-09-12 10:54:34.913124+00",100100828606089
2243fb36-3c32-4071-85e9-e4b139f4efaf,8a81117f-67e1-40e8-9901-f93be24dd4e9,f4a59e33-8aa9-4e46-a086-73c93e85d18f,12,86.106,80.01,86.106,84.074,,"2026-09-12 10:54:35.193295+00",100100828604458
e460ef6c-71e9-4b29-8ae4-71bf317ddbf0,8a81117f-67e1-40e8-9901-f93be24dd4e9,9732411e-a071-43ba-be34-c4a4223b2d9f,M,102.108,,,27.94,,"2026-09-12 19:04:39.421253+00",100400152476044
dbc22868-567c-4f2d-a0ab-69a2931cd729,8a81117f-67e1-40e8-9901-f93be24dd4e9,7e5c7d93-8cfb-4647-bf92-2ceb24031933,M,107.95,,,73.406,,"2026-09-12 19:04:58.995716+00",100400739156037
f5da4827-4fb2-4f18-9eae-4b1e154cfc39,8a81117f-67e1-40e8-9901-f93be24dd4e9,7e5c7d93-8cfb-4647-bf92-2ceb24031933,L,114.046,,,74.93,,"2026-09-12 19:04:59.269267+00",100400739157183
4e28becd-2f84-4544-a619-deab664728ec,8a81117f-67e1-40e8-9901-f93be24dd4e9,7e5c7d93-8cfb-4647-bf92-2ceb24031933,XXL,125.984,,,77.978,,"2026-09-12 19:04:59.837765+00",100400739159243
f4b758a1-94a3-446a-ad0a-ebc0c5403274,8a81117f-67e1-40e8-9901-f93be24dd4e9,39e773ad-db62-4420-b42e-ab58f0849321,S,102.108,,,71.882,,"2026-09-12 19:05:00.127633+00",100400739150612
c70c92aa-2583-4648-8ef1-3b7b4e7e1712,8a81117f-67e1-40e8-9901-f93be24dd4e9,39e773ad-db62-4420-b42e-ab58f0849321,L,114.046,,,74.93,,"2026-09-12 19:05:01.588374+00",100400739153177
1861fe55-3647-4271-8321-a7420dbfcdb3,8a81117f-67e1-40e8-9901-f93be24dd4e9,39e773ad-db62-4420-b42e-ab58f0849321,XL,119.888,,,76.454,,"2026-09-12 19:05:02.614261+00",100400739153293
e5390c70-ea46-4ae0-bbc1-ac54adc3c244,8a81117f-67e1-40e8-9901-f93be24dd4e9,23b9ec30-1e34-44e3-bf6b-84652fe2f76a,S,102.108,,,71.882,,"2026-09-12 19:05:03.235038+00",100400739154927
8d399402-9eb1-4745-ba3e-4f3c21c7a2a8,8a81117f-67e1-40e8-9901-f93be24dd4e9,23b9ec30-1e34-44e3-bf6b-84652fe2f76a,M,107.95,,,73.406,,"2026-09-12 19:05:03.733627+00",100400739153571
0e65b1ca-b3dd-486b-a4a8-7bab3d1d051d,8a81117f-67e1-40e8-9901-f93be24dd4e9,23b9ec30-1e34-44e3-bf6b-84652fe2f76a,XL,119.888,,,76.454,,"2026-09-12 19:05:04.449958+00",100400739157404
e5fdf689-1d16-4732-913b-6791ab02fbc5,8a81117f-67e1-40e8-9901-f93be24dd4e9,23b9ec30-1e34-44e3-bf6b-84652fe2f76a,XXL,125.984,,,77.978,,"2026-09-12 19:05:04.717895+00",100400739158508
69b4f33b-7101-4bdf-8bff-b9ca35680304,8a81117f-67e1-40e8-9901-f93be24dd4e9,72c9ed56-558a-4b94-a8cd-2535105c55c6,M,107.95,,,73.406,,"2026-09-12 19:05:05.31639+00",100400739158941
bb903822-60f1-4c07-b661-25b118858eb3,8a81117f-67e1-40e8-9901-f93be24dd4e9,72c9ed56-558a-4b94-a8cd-2535105c55c6,L,114.046,,,74.93,,"2026-09-12 19:05:05.675552+00",100400739157158
2546751a-821f-470d-9ff1-2f9f99259b7f,8a81117f-67e1-40e8-9901-f93be24dd4e9,72c9ed56-558a-4b94-a8cd-2535105c55c6,XXL,125.984,,,77.978,,"2026-09-12 19:05:06.790845+00",100400739158830
f903db2c-31d4-4750-ac9f-fc2648ea2458,8a81117f-67e1-40e8-9901-f93be24dd4e9,b48e2df6-5293-4a4b-b484-c16866b6dc80,S,102.108,,,71.12,,"2026-09-12 19:05:07.240092+00",100400541152224
4a0c5d23-efb3-4c96-8abf-1cf3ab39580d,8a81117f-67e1-40e8-9901-f93be24dd4e9,b48e2df6-5293-4a4b-b484-c16866b6dc80,L,114.046,,,73.914,,"2026-09-12 19:05:07.892413+00",100400541151453
7d12107e-6e1b-4a8c-aa65-30a1ba0bf8f4,8a81117f-67e1-40e8-9901-f93be24dd4e9,b48e2df6-5293-4a4b-b484-c16866b6dc80,XL,119.888,,,75.438,,"2026-09-12 19:05:08.1864+00",100400541153680
4a3e1850-94b0-4b9a-811c-e0872c56abfb,8a81117f-67e1-40e8-9901-f93be24dd4e9,b48e2df6-5293-4a4b-b484-c16866b6dc80,XXXL,132.08,,,78.486,,"2026-09-12 19:05:08.763786+00",
1e5fcf47-7d91-4b13-919a-f14ff68d6a0a,8a81117f-67e1-40e8-9901-f93be24dd4e9,e7d923b1-e94a-42dd-8b1b-06899d112dc0,S,102.108,,,71.12,,"2026-09-12 19:05:09.050612+00",100400541155685
63799f42-167a-4a3e-aac6-52afcc4867e0,8a81117f-67e1-40e8-9901-f93be24dd4e9,e7d923b1-e94a-42dd-8b1b-06899d112dc0,L,114.046,,,73.914,,"2026-09-12 19:05:09.623565+00",100400541159319
6039f637-bcb3-4023-9358-318c360b8719,8a81117f-67e1-40e8-9901-f93be24dd4e9,e7d923b1-e94a-42dd-8b1b-06899d112dc0,XL,119.888,,,75.438,,"2026-09-12 19:05:09.932398+00",100400541150030
070aa30a-65b7-4eaa-bf6a-c125b4e57427,8a81117f-67e1-40e8-9901-f93be24dd4e9,e7d923b1-e94a-42dd-8b1b-06899d112dc0,XXXL,132.08,,,78.486,,"2026-09-12 19:05:10.508487+00",
1e29b3e4-9fb0-4186-87bb-c3d3be45c30e,8a81117f-67e1-40e8-9901-f93be24dd4e9,7cbc41c6-b28a-4285-aa8a-6c0addf31110,S,102.108,,,71.12,,"2026-09-12 19:05:10.786179+00",100400541154181
8eb2063d-2e0b-403b-b3b1-3abe45e888db,8a81117f-67e1-40e8-9901-f93be24dd4e9,7cbc41c6-b28a-4285-aa8a-6c0addf31110,L,114.046,,,73.914,,"2026-09-12 19:05:11.367564+00",100400541157765
1ab19076-1dcd-4330-96c7-220782d4ffc5,8a81117f-67e1-40e8-9901-f93be24dd4e9,7cbc41c6-b28a-4285-aa8a-6c0addf31110,XXXL,132.08,,,78.486,,"2026-09-12 19:05:12.260784+00",
7012e93e-331c-4075-82ea-0bd27602e9cd,8a81117f-67e1-40e8-9901-f93be24dd4e9,5ad02575-1378-4255-b708-6f325fbf53e0,S,102.108,,,71.12,,"2026-09-12 19:05:12.544548+00",100400541158969
02bd8a4e-e9d3-497c-804d-cb03595a1c75,8a81117f-67e1-40e8-9901-f93be24dd4e9,5ad02575-1378-4255-b708-6f325fbf53e0,L,114.046,,,73.914,,"2026-09-12 19:05:13.094657+00",100400541150170
48c4eadc-4a3e-4543-9ae4-8012e0f6bb09,8a81117f-67e1-40e8-9901-f93be24dd4e9,5ad02575-1378-4255-b708-6f325fbf53e0,XL,119.888,,,75.438,,"2026-09-12 19:05:13.369557+00",100400541155305
c6787276-ca46-4d26-8b1d-3142a88af1cd,8a81117f-67e1-40e8-9901-f93be24dd4e9,5ad02575-1378-4255-b708-6f325fbf53e0,XXXL,132.08,,,78.486,,"2026-09-12 19:05:13.92809+00",
7dc40237-08f8-4532-b872-47266ccb5279,8a81117f-67e1-40e8-9901-f93be24dd4e9,044cb090-74b5-4b8c-83ec-e923b6b7a605,S,102.108,,,71.12,,"2026-09-12 19:05:14.302927+00",100400541153081
4d39cf66-5330-4105-bdf2-500dfa4e2325,8a81117f-67e1-40e8-9901-f93be24dd4e9,044cb090-74b5-4b8c-83ec-e923b6b7a605,L,114.046,,,73.914,,"2026-09-12 19:05:14.855714+00",100400541153111
c7b7fd05-ac24-4f8b-8f41-2d82369c2bf4,8a81117f-67e1-40e8-9901-f93be24dd4e9,044cb090-74b5-4b8c-83ec-e923b6b7a605,XL,119.888,,,75.438,,"2026-09-12 19:05:15.132038+00",100400541152738
50d65b57-e75f-4423-9d64-8d5465172869,8a81117f-67e1-40e8-9901-f93be24dd4e9,044cb090-74b5-4b8c-83ec-e923b6b7a605,XXXL,132.08,,,78.486,,"2026-09-12 19:05:15.697339+00",
21504bfb-10a0-45ed-aa09-e7bf9ac328dc,8a81117f-67e1-40e8-9901-f93be24dd4e9,aeda2970-ca63-4a13-8777-3a777d906772,S,102.108,,,71.12,,"2026-09-12 19:05:15.971884+00",100400541152257
04ab306a-d463-41fc-bde1-3af2c2d1a271,8a81117f-67e1-40e8-9901-f93be24dd4e9,aeda2970-ca63-4a13-8777-3a777d906772,L,114.046,,,73.914,,"2026-09-12 19:05:16.527559+00",100400541158880
8037e1f4-db28-4132-bd1b-2a81f5674fc5,8a81117f-67e1-40e8-9901-f93be24dd4e9,aeda2970-ca63-4a13-8777-3a777d906772,XL,119.888,,,75.438,,"2026-09-12 19:05:16.829447+00",100400541155968
cce0e8f6-ffb9-40fe-a89d-497ff050a9f0,8a81117f-67e1-40e8-9901-f93be24dd4e9,aeda2970-ca63-4a13-8777-3a777d906772,XXXL,132.08,,,78.486,,"2026-09-12 19:05:17.377474+00",
f5fd7324-df53-49e9-a80e-7a815c8996fe,8a81117f-67e1-40e8-9901-f93be24dd4e9,0a743e46-7add-4a4f-ac1c-d94f3daee0bc,S,102.108,,,71.12,,"2026-09-12 19:05:17.66101+00",100400541152868
fc43845f-188d-4e62-b2e4-8e99e1781343,8a81117f-67e1-40e8-9901-f93be24dd4e9,0a743e46-7add-4a4f-ac1c-d94f3daee0bc,L,114.046,,,73.914,,"2026-09-12 19:05:18.219378+00",100400541153945
8ade32eb-12d1-4b79-a589-7fbcd8a6edde,8a81117f-67e1-40e8-9901-f93be24dd4e9,0a743e46-7add-4a4f-ac1c-d94f3daee0bc,XL,119.888,,,75.438,,"2026-09-12 19:05:18.502779+00",100400541159836
6eb9219c-bb7c-4f83-ad55-60cb0db99f58,8a81117f-67e1-40e8-9901-f93be24dd4e9,0a743e46-7add-4a4f-ac1c-d94f3daee0bc,XXXL,132.08,,,78.486,,"2026-09-12 19:05:19.054429+00",
5c002c25-28a0-49a3-ae5c-95ef302d46fb,8a81117f-67e1-40e8-9901-f93be24dd4e9,5cd6d97c-0cad-4057-814d-00a85de6b123,M,51.054,,,68.072,,"2026-09-12 19:05:19.351334+00",100400915533782
2c852fad-071c-460e-b18c-7a9722fbc30f,8a81117f-67e1-40e8-9901-f93be24dd4e9,5cd6d97c-0cad-4057-814d-00a85de6b123,XL,55.118,,,71.882,,"2026-09-12 19:05:19.898367+00",100400915533833
fff8b6ba-8fa1-409f-90aa-4bcf5557c7a8,8a81117f-67e1-40e8-9901-f93be24dd4e9,5cd6d97c-0cad-4057-814d-00a85de6b123,XXL,56.896,,,73.914,,"2026-09-12 19:05:20.17105+00",100400915537022
de601e05-cec1-45fd-bf3f-952649d18213,8a81117f-67e1-40e8-9901-f93be24dd4e9,5cd6d97c-0cad-4057-814d-00a85de6b123,4XL,60.96,,,76.962,,"2026-09-12 19:05:20.763854+00",100400915537744
a6976d9e-dd56-467e-bfd6-fb839e36999a,8a81117f-67e1-40e8-9901-f93be24dd4e9,67b01652-122d-46b6-9942-57f4f0dd3be2,M,51.054,,,68.072,,"2026-09-12 19:05:21.031921+00",100400915532422
32dc57f1-4f4c-46cf-8cd6-28c4c8b21230,8a81117f-67e1-40e8-9901-f93be24dd4e9,67b01652-122d-46b6-9942-57f4f0dd3be2,XL,55.118,,,71.882,,"2026-09-12 19:05:21.569482+00",100400915531916
d5a8c518-9d0c-4675-aa47-8f4388ab1504,8a81117f-67e1-40e8-9901-f93be24dd4e9,67b01652-122d-46b6-9942-57f4f0dd3be2,XXL,56.896,,,73.914,,"2026-09-12 19:05:21.90237+00",100400915539393
4174a563-16bd-4ecb-90aa-6eb5b8d23a40,8a81117f-67e1-40e8-9901-f93be24dd4e9,67b01652-122d-46b6-9942-57f4f0dd3be2,4XL,60.96,,,76.962,,"2026-09-12 19:05:22.440193+00",100400915535424
deca0333-79a1-4814-9a45-2dbc2cc25fa0,8a81117f-67e1-40e8-9901-f93be24dd4e9,c882dbf5-128d-4a37-94d0-7c91cc2ff75e,M,51.054,,,68.072,,"2026-09-12 19:05:22.724044+00",100400915539998
b18475a6-494d-43e9-b95c-3dcce8204cff,8a81117f-67e1-40e8-9901-f93be24dd4e9,c882dbf5-128d-4a37-94d0-7c91cc2ff75e,XL,55.118,,,71.882,,"2026-09-12 19:05:23.301692+00",100400915532098
f4cee821-c134-4b24-8dfb-83c246ccefb1,8a81117f-67e1-40e8-9901-f93be24dd4e9,c882dbf5-128d-4a37-94d0-7c91cc2ff75e,XXL,56.896,,,73.914,,"2026-09-12 19:05:23.573424+00",100400915534502
b4ec0198-37ee-4bdb-9b1f-e5f1c9a692ed,8a81117f-67e1-40e8-9901-f93be24dd4e9,c882dbf5-128d-4a37-94d0-7c91cc2ff75e,4XL,60.96,,,76.962,,"2026-09-12 19:05:24.151251+00",100400915535115
90253d20-b781-4ef4-992c-67d9b6e4d733,8a81117f-67e1-40e8-9901-f93be24dd4e9,bfe7cccd-a5d6-48d3-a9ab-58e7d779ff3d,S,102.108,,,71.882,,"2026-09-12 19:05:24.432456+00",100400899214631
44c2ad08-7d21-406d-882a-7294cdedd916,8a81117f-67e1-40e8-9901-f93be24dd4e9,bfe7cccd-a5d6-48d3-a9ab-58e7d779ff3d,L,114.046,,,74.93,,"2026-09-12 19:05:24.976034+00",100400899212809
94b4f320-b899-48ad-8852-dc90638b35aa,8a81117f-67e1-40e8-9901-f93be24dd4e9,bfe7cccd-a5d6-48d3-a9ab-58e7d779ff3d,XL,119.888,,,76.454,,"2026-09-12 19:05:25.26192+00",100400899213076
1da98406-97e1-47c7-88df-057eadbefe51,8a81117f-67e1-40e8-9901-f93be24dd4e9,e7a2fa0c-dcba-41a8-8c87-31db1dc8ebb2,M,107.95,,,73.406,,"2026-09-12 19:05:26.105167+00",100400899215785
66a3e04d-72f4-4d57-a4fb-bbbdc67bfdfd,8a81117f-67e1-40e8-9901-f93be24dd4e9,e7a2fa0c-dcba-41a8-8c87-31db1dc8ebb2,XL,119.888,,,76.454,,"2026-09-12 19:05:26.660596+00",100400899217237
5b8a3f4a-f070-4954-aa92-10d527243d91,8a81117f-67e1-40e8-9901-f93be24dd4e9,e7a2fa0c-dcba-41a8-8c87-31db1dc8ebb2,XXL,125.984,,,77.978,,"2026-09-12 19:05:26.953199+00",100400899218704
4118acd7-cedf-4d6f-9b6f-122ab063c730,8a81117f-67e1-40e8-9901-f93be24dd4e9,7c9fc641-c295-4857-8c68-e1e2a49ea145,XXL,125.984,,,77.978,,"2026-09-12 19:04:58.444345+00",100400739156835
460b2384-dd46-418c-bf3c-ec241dbb3b12,8a81117f-67e1-40e8-9901-f93be24dd4e9,7e5c7d93-8cfb-4647-bf92-2ceb24031933,XL,119.888,,,76.454,,"2026-09-12 19:04:59.560702+00",100400739150090
445b1c0f-2314-4b04-8edd-ded4628df57f,8a81117f-67e1-40e8-9901-f93be24dd4e9,39e773ad-db62-4420-b42e-ab58f0849321,M,107.95,,,73.406,,"2026-09-12 19:05:00.489253+00",100400739150733
c809c942-4a61-41c1-affb-414641a1babc,8a81117f-67e1-40e8-9901-f93be24dd4e9,39e773ad-db62-4420-b42e-ab58f0849321,XXL,125.984,,,77.978,,"2026-09-12 19:05:02.920365+00",100400739152139
3d6d0c29-dc30-4004-9f65-1daf571a5158,8a81117f-67e1-40e8-9901-f93be24dd4e9,23b9ec30-1e34-44e3-bf6b-84652fe2f76a,L,114.046,,,74.93,,"2026-09-12 19:05:04.174284+00",100400739152767
0ae475df-c899-49e7-8a56-7ef29959113a,8a81117f-67e1-40e8-9901-f93be24dd4e9,72c9ed56-558a-4b94-a8cd-2535105c55c6,S,102.108,,,71.882,,"2026-09-12 19:05:05.034528+00",100400739152816
42a52b15-9bbc-421c-ad74-878cfe6547c9,8a81117f-67e1-40e8-9901-f93be24dd4e9,72c9ed56-558a-4b94-a8cd-2535105c55c6,XL,119.888,,,76.454,,"2026-09-12 19:05:06.323871+00",100400739152339
baac0410-01e0-4ed5-a2f3-86ebf4da7a4f,8a81117f-67e1-40e8-9901-f93be24dd4e9,b48e2df6-5293-4a4b-b484-c16866b6dc80,M,107.95,,,72.39,,"2026-09-12 19:05:07.560243+00",100400541153568
67f00ae7-6251-414d-b4f5-e50ee2e6763a,8a81117f-67e1-40e8-9901-f93be24dd4e9,b48e2df6-5293-4a4b-b484-c16866b6dc80,XXL,125.984,,,76.962,,"2026-09-12 19:05:08.458024+00",100400541157157
de7bf4eb-aa8b-4180-a4a1-b60e24d21728,8a81117f-67e1-40e8-9901-f93be24dd4e9,e7d923b1-e94a-42dd-8b1b-06899d112dc0,M,107.95,,,72.39,,"2026-09-12 19:05:09.340812+00",100400541159404
70697f8f-4a3c-4fc2-97d8-3fe2dc64b638,8a81117f-67e1-40e8-9901-f93be24dd4e9,e7d923b1-e94a-42dd-8b1b-06899d112dc0,XXL,125.984,,,76.962,,"2026-09-12 19:05:10.223571+00",100400541150783
c08ed292-9609-450b-a7a5-e5b8d0766e87,8a81117f-67e1-40e8-9901-f93be24dd4e9,7cbc41c6-b28a-4285-aa8a-6c0addf31110,M,107.95,,,72.39,,"2026-09-12 19:05:11.082325+00",100400541150950
2e8d3eba-53b3-4c4e-80fc-7bb3c6434ecf,8a81117f-67e1-40e8-9901-f93be24dd4e9,7cbc41c6-b28a-4285-aa8a-6c0addf31110,XXL,125.984,,,76.962,,"2026-09-12 19:05:11.975331+00",100400541150332
d52f7265-eefe-4d3b-82b5-e4087850c156,8a81117f-67e1-40e8-9901-f93be24dd4e9,5ad02575-1378-4255-b708-6f325fbf53e0,M,107.95,,,72.39,,"2026-09-12 19:05:12.824107+00",100400541158360
1b38c873-19f9-4998-ba0c-7419ff30b278,8a81117f-67e1-40e8-9901-f93be24dd4e9,5ad02575-1378-4255-b708-6f325fbf53e0,XXL,125.984,,,76.962,,"2026-09-12 19:05:13.653057+00",100400541159865
8a2feee4-c7fd-4ac4-8a98-251640650ddd,8a81117f-67e1-40e8-9901-f93be24dd4e9,044cb090-74b5-4b8c-83ec-e923b6b7a605,M,107.95,,,72.39,,"2026-09-12 19:05:14.579007+00",100400541158599
ccfa7b83-6c25-42da-a5a0-9f8f9f952938,8a81117f-67e1-40e8-9901-f93be24dd4e9,044cb090-74b5-4b8c-83ec-e923b6b7a605,XXL,125.984,,,76.962,,"2026-09-12 19:05:15.409544+00",100400541150609
b5d54fd1-7410-4b06-9f2d-47a638e57907,8a81117f-67e1-40e8-9901-f93be24dd4e9,aeda2970-ca63-4a13-8777-3a777d906772,M,107.95,,,72.39,,"2026-09-12 19:05:16.248094+00",100400541157325
7c949cab-e59c-4bdf-ba01-8f5ec261d228,8a81117f-67e1-40e8-9901-f93be24dd4e9,aeda2970-ca63-4a13-8777-3a777d906772,XXL,125.984,,,76.962,,"2026-09-12 19:05:17.097033+00",100400541158345
951ec4e0-a0df-4780-a2b2-0fa8e58739a3,8a81117f-67e1-40e8-9901-f93be24dd4e9,0a743e46-7add-4a4f-ac1c-d94f3daee0bc,M,107.95,,,72.39,,"2026-09-12 19:05:17.932333+00",100400541155575
90b4a1ae-d82c-409b-a3b0-e9df4a17159d,8a81117f-67e1-40e8-9901-f93be24dd4e9,0a743e46-7add-4a4f-ac1c-d94f3daee0bc,XXL,125.984,,,76.962,,"2026-09-12 19:05:18.779879+00",100400541150775
614a2063-a4a5-4e7f-a6be-8255358c719d,8a81117f-67e1-40e8-9901-f93be24dd4e9,5cd6d97c-0cad-4057-814d-00a85de6b123,L,53.086,,,70.104,,"2026-09-12 19:05:19.621316+00",100400915530146
57083c41-df28-42c3-be03-a816aab36bce,8a81117f-67e1-40e8-9901-f93be24dd4e9,5cd6d97c-0cad-4057-814d-00a85de6b123,XXXL,58.928,,,75.438,,"2026-09-12 19:05:20.477907+00",100400915539209
ead87059-de53-4300-84ea-29093f4f6a06,8a81117f-67e1-40e8-9901-f93be24dd4e9,67b01652-122d-46b6-9942-57f4f0dd3be2,L,53.086,,,70.104,,"2026-09-12 19:05:21.303486+00",100400915539453
9cabae07-a8f8-41b8-b636-ab0400908822,8a81117f-67e1-40e8-9901-f93be24dd4e9,67b01652-122d-46b6-9942-57f4f0dd3be2,XXXL,58.928,,,75.438,,"2026-09-12 19:05:22.173293+00",100400915533234
34683c16-7b42-49f5-9d94-33f067b976a0,8a81117f-67e1-40e8-9901-f93be24dd4e9,c882dbf5-128d-4a37-94d0-7c91cc2ff75e,L,53.086,,,70.104,,"2026-09-12 19:05:23.01374+00",100400915537671
c71220fd-c76c-4ce6-bbc1-bf47136cd368,8a81117f-67e1-40e8-9901-f93be24dd4e9,c882dbf5-128d-4a37-94d0-7c91cc2ff75e,XXXL,58.928,,,75.438,,"2026-09-12 19:05:23.864901+00",100400915535692
dee9f73a-01f0-4f86-93f3-959c30b41d8c,8a81117f-67e1-40e8-9901-f93be24dd4e9,bfe7cccd-a5d6-48d3-a9ab-58e7d779ff3d,M,107.95,,,73.406,,"2026-09-12 19:05:24.700744+00",100400899211100
4e72fdc0-c58f-4896-8489-fab2d68e9492,8a81117f-67e1-40e8-9901-f93be24dd4e9,bfe7cccd-a5d6-48d3-a9ab-58e7d779ff3d,XXL,125.984,,,77.978,,"2026-09-12 19:05:25.542947+00",100400899214258
4e69ab65-482f-46c7-9205-99b6d745d5e8,8a81117f-67e1-40e8-9901-f93be24dd4e9,e7a2fa0c-dcba-41a8-8c87-31db1dc8ebb2,L,114.046,,,74.93,,"2026-09-12 19:05:26.377694+00",100400899216845
b94e2046-9b56-492a-adcb-678af2b4d3ea,8a81117f-67e1-40e8-9901-f93be24dd4e9,c1116336-579a-4481-a264-89f8a1f30e15,S,102.108,,,71.882,,"2026-09-12 19:05:27.232373+00",100400899212218
fb70d3a1-0ebe-470a-bdd5-fcfee511f89c,8a81117f-67e1-40e8-9901-f93be24dd4e9,c1116336-579a-4481-a264-89f8a1f30e15,XL,119.888,,,76.454,,"2026-09-12 19:05:28.362522+00",100400899211184
9d9dd43b-40ae-41ce-b73d-ff7bb576129f,8a81117f-67e1-40e8-9901-f93be24dd4e9,abb99263-bbf0-4532-8a43-274fe7958b22,M,107.95,,,73.406,,"2026-09-12 19:05:29.284404+00",100400899211368
79ab28fa-3a65-4a9c-bd94-9214f05800f9,8a81117f-67e1-40e8-9901-f93be24dd4e9,abb99263-bbf0-4532-8a43-274fe7958b22,XXL,125.984,,,77.978,,"2026-09-12 19:05:30.151545+00",100400899211690
37f1d582-4150-4a39-b700-3add60cc15e4,8a81117f-67e1-40e8-9901-f93be24dd4e9,e478d07e-1e3b-47e7-bad5-e89677adf6f3,L,114.046,,,74.93,,"2026-09-12 19:05:31.008042+00",100400899211844
b1c9ae99-f22e-4540-b52d-357927762e64,8a81117f-67e1-40e8-9901-f93be24dd4e9,b6cb93cc-96a5-4fd0-b87b-635d86c0db32,S,102.108,,,71.882,,"2026-09-12 19:05:31.953163+00",100400899210071
e0b30bec-e944-4e64-937b-a0506ab724aa,8a81117f-67e1-40e8-9901-f93be24dd4e9,b6cb93cc-96a5-4fd0-b87b-635d86c0db32,XL,119.888,,,76.454,,"2026-09-12 19:05:32.948165+00",100400899212348
e4a98214-ccad-40ee-9d7d-c9937a730c38,8a81117f-67e1-40e8-9901-f93be24dd4e9,4cb383bc-60cd-416b-ae2c-b90981eb1d50,M,107.95,,,73.406,,"2026-09-12 19:05:33.806268+00",100400899212558
e0c8f9d3-6f32-46e1-ac19-568d6b308d7c,8a81117f-67e1-40e8-9901-f93be24dd4e9,4cb383bc-60cd-416b-ae2c-b90981eb1d50,XXL,125.984,,,77.978,,"2026-09-12 19:05:34.749445+00",100400899212882
f6c6c0df-46f5-4a06-af6e-26c705ef51f9,8a81117f-67e1-40e8-9901-f93be24dd4e9,5a95759f-cba2-4a46-b61b-31aca1a0058b,L,114.046,,,74.93,,"2026-09-12 19:05:35.574494+00",100400899213069
fa46cde6-91f6-4463-9f22-ba89f0306ad0,8a81117f-67e1-40e8-9901-f93be24dd4e9,452381b7-7181-4a07-a609-6815d8ce01d7,S,102.108,,,71.882,,"2026-09-12 19:05:36.438488+00",100400899210247
5fe673d6-6fd7-46e1-8c85-fe93d5079f8c,8a81117f-67e1-40e8-9901-f93be24dd4e9,452381b7-7181-4a07-a609-6815d8ce01d7,XL,119.888,,,76.454,,"2026-09-12 19:05:37.251503+00",100400899213517
3895baef-50b9-4eb8-b6d2-210f724e321c,8a81117f-67e1-40e8-9901-f93be24dd4e9,a85b2553-e6d7-423f-b783-ead65040275b,L,77.978,68.072,,138.938,,"2026-09-12 19:05:43.994371+00",100100284678674
0eb7510c-1c8f-4ab8-99d9-9aeb888de2d7,8a81117f-67e1-40e8-9901-f93be24dd4e9,e129df58-7a58-40be-b134-667d5f7fbfce,M,73.914,64.008,,137.922,,"2026-09-12 19:05:44.871508+00",100100284679913
cf54a666-c7ca-4524-98ec-0f8df81f326f,8a81117f-67e1-40e8-9901-f93be24dd4e9,a78446ec-f3eb-4082-aab3-bc4be83944f2,M,82.042,,,134.874,,"2026-09-12 19:05:48.364472+00",100100583467558
d10eb07a-f24f-480c-b49c-4bf0c2111b25,8a81117f-67e1-40e8-9901-f93be24dd4e9,a78446ec-f3eb-4082-aab3-bc4be83944f2,XXL,100.076,,,137.922,,"2026-09-12 19:05:49.669563+00",100100583469934
27a4e485-9d12-4b6d-bd73-a658fcd31f25,8a81117f-67e1-40e8-9901-f93be24dd4e9,4a8614a0-ff4b-4024-86cc-a495bd485011,L,89.916,77.978,,133.096,,"2026-09-12 19:05:50.513421+00",100100870966832
745da7a4-a4e2-4b94-baa4-f53d215d1fbc,8a81117f-67e1-40e8-9901-f93be24dd4e9,de041adb-da50-438c-bbf9-11040553bf69,S,80.01,68.072,,131.064,,"2026-09-12 19:05:51.397071+00",100100870967710
0d0a73f2-addd-4cec-9da5-774733050110,8a81117f-67e1-40e8-9901-f93be24dd4e9,de041adb-da50-438c-bbf9-11040553bf69,XL,96.012,84.074,,134.112,,"2026-09-12 19:05:52.265925+00",100100870967723
55cfbf86-0fd4-4d0f-b806-92616710bdbc,8a81117f-67e1-40e8-9901-f93be24dd4e9,9b369785-e6c3-4356-993c-464bb170fa34,M,84.074,71.882,,132.08,,"2026-09-12 19:05:53.110504+00",100100870969151
58561b7d-5f65-445b-94b3-0541da47df59,8a81117f-67e1-40e8-9901-f93be24dd4e9,9b369785-e6c3-4356-993c-464bb170fa34,XXL,101.092,89.916,,134.874,,"2026-09-12 19:05:53.952804+00",100100870969925
48b311b6-f2ff-47e4-9545-48859e222189,8a81117f-67e1-40e8-9901-f93be24dd4e9,a914867f-7c6c-4aa1-84dc-18fd5b59a1a1,L,89.916,77.978,,133.096,,"2026-09-12 19:05:54.798206+00",100100870964760
b23572e4-a3dc-4117-b4bd-089a538ad902,8a81117f-67e1-40e8-9901-f93be24dd4e9,3eb16f5a-c7a9-4e3b-b386-18add7445faf,S,80.01,68.072,,131.064,,"2026-09-12 19:05:55.635513+00",100100870960728
080d1e5c-dd7a-4666-9249-fe99ab56d3f3,8a81117f-67e1-40e8-9901-f93be24dd4e9,3eb16f5a-c7a9-4e3b-b386-18add7445faf,XL,96.012,84.074,,134.112,,"2026-09-12 19:05:56.468263+00",100100870962659
6296f106-64ba-4fb3-aec1-5c964fd231b0,8a81117f-67e1-40e8-9901-f93be24dd4e9,c3283dca-2c20-4322-bda9-2ce7b3184016,M,84.074,71.882,,132.08,,"2026-09-12 19:05:57.322111+00",100100870961332
3e9df4ff-c83d-4048-8179-9a7c7c19b31f,8a81117f-67e1-40e8-9901-f93be24dd4e9,7e5c7d93-8cfb-4647-bf92-2ceb24031933,S,102.108,,,71.882,,"2026-09-12 19:04:58.711819+00",100400739154004
c05c7e0a-276c-4ac8-9261-51bef035ce00,8a81117f-67e1-40e8-9901-f93be24dd4e9,c1116336-579a-4481-a264-89f8a1f30e15,M,107.95,,,73.406,,"2026-09-12 19:05:27.543513+00",100400899219035
4126162d-0d87-4572-a05a-119e63f283b6,8a81117f-67e1-40e8-9901-f93be24dd4e9,c1116336-579a-4481-a264-89f8a1f30e15,XXL,125.984,,,77.978,,"2026-09-12 19:05:28.685557+00",100400899211281
252b64a8-9251-42ec-b1f3-e53b73d962fb,8a81117f-67e1-40e8-9901-f93be24dd4e9,abb99263-bbf0-4532-8a43-274fe7958b22,L,114.046,,,74.93,,"2026-09-12 19:05:29.584173+00",100400899211426
533abb5c-adf4-4edd-8a3f-0275d211d75f,8a81117f-67e1-40e8-9901-f93be24dd4e9,e478d07e-1e3b-47e7-bad5-e89677adf6f3,S,102.108,,,71.882,,"2026-09-12 19:05:30.427446+00",100400899211733
74115d72-abee-44fe-8b57-9c565e9505ed,8a81117f-67e1-40e8-9901-f93be24dd4e9,e478d07e-1e3b-47e7-bad5-e89677adf6f3,XL,119.888,,,76.454,,"2026-09-12 19:05:31.317051+00",100400899211905
569ea1ca-6a02-4fdb-a66d-1de334af2c02,8a81117f-67e1-40e8-9901-f93be24dd4e9,b6cb93cc-96a5-4fd0-b87b-635d86c0db32,M,107.95,,,73.406,,"2026-09-12 19:05:32.317339+00",100400899212152
d47315f8-622e-4818-9a13-3e5f46860d3d,8a81117f-67e1-40e8-9901-f93be24dd4e9,b6cb93cc-96a5-4fd0-b87b-635d86c0db32,XXL,125.984,,,77.978,,"2026-09-12 19:05:33.243495+00",100400899212444
d9e53321-dcab-40ac-93a2-c5bb00beb830,8a81117f-67e1-40e8-9901-f93be24dd4e9,4cb383bc-60cd-416b-ae2c-b90981eb1d50,L,114.046,,,74.93,,"2026-09-12 19:05:34.096478+00",100400899212657
12bc004e-9d98-4cd2-a6f3-87206da74d58,8a81117f-67e1-40e8-9901-f93be24dd4e9,5a95759f-cba2-4a46-b61b-31aca1a0058b,S,102.108,,,71.882,,"2026-09-12 19:05:35.02856+00",100400899213667
f80febb0-3562-4cff-a850-6be1de4d49e5,8a81117f-67e1-40e8-9901-f93be24dd4e9,5a95759f-cba2-4a46-b61b-31aca1a0058b,XL,119.888,,,76.454,,"2026-09-12 19:05:35.855489+00",100400899213183
e7239d22-3521-4359-802e-7cfb97ba6383,8a81117f-67e1-40e8-9901-f93be24dd4e9,452381b7-7181-4a07-a609-6815d8ce01d7,M,107.95,,,73.406,,"2026-09-12 19:05:36.70369+00",100400899213361
152e82a4-e915-4998-aeef-cd40cb4c58df,8a81117f-67e1-40e8-9901-f93be24dd4e9,452381b7-7181-4a07-a609-6815d8ce01d7,XXL,125.984,,,77.978,,"2026-09-12 19:05:37.528654+00",100400899213617
455e6a34-f657-4a5b-96c1-afef4c68a6cb,8a81117f-67e1-40e8-9901-f93be24dd4e9,27e921ef-2aee-4236-915f-47efeab129a7,XL,84.074,75.946,98.044,139.954,,"2026-09-12 10:53:35.545242+00",100100795548718
f0379272-7583-46cf-9946-70bedd13e0cd,8a81117f-67e1-40e8-9901-f93be24dd4e9,a85b2553-e6d7-423f-b783-ead65040275b,S,70.104,59.944,,136.906,,"2026-09-12 19:05:43.428267+00",100100284679353
9362ff51-a50f-4bce-9bb8-8fd5675116f2,8a81117f-67e1-40e8-9901-f93be24dd4e9,a85b2553-e6d7-423f-b783-ead65040275b,XL,84.074,73.914,,139.954,,"2026-09-12 19:05:44.271063+00",100100284678334
3e59327e-b900-49ae-9932-f6709d231d16,8a81117f-67e1-40e8-9901-f93be24dd4e9,e129df58-7a58-40be-b134-667d5f7fbfce,L,77.978,68.072,,138.938,,"2026-09-12 19:05:45.197532+00",100100284679227
f2509388-4652-46eb-bb8f-8c9931fd340c,8a81117f-67e1-40e8-9901-f93be24dd4e9,a78446ec-f3eb-4082-aab3-bc4be83944f2,L,87.884,,,135.89,,"2026-09-12 19:05:48.642522+00",100100583467196
a4236aee-4e57-4f10-b988-590d70114d33,8a81117f-67e1-40e8-9901-f93be24dd4e9,4a8614a0-ff4b-4024-86cc-a495bd485011,S,80.01,68.072,,131.064,,"2026-09-12 19:05:49.963+00",100100870962033
935326b2-8cbe-4754-ad2e-ed0a32ea410b,8a81117f-67e1-40e8-9901-f93be24dd4e9,4a8614a0-ff4b-4024-86cc-a495bd485011,XL,96.012,84.074,,134.112,,"2026-09-12 19:05:50.803717+00",100100870966319
085c8e0e-53ff-41d2-b353-bca2788f6e77,8a81117f-67e1-40e8-9901-f93be24dd4e9,de041adb-da50-438c-bbf9-11040553bf69,M,84.074,71.882,,132.08,,"2026-09-12 19:05:51.689874+00",100100870960131
bfa8dd80-63f2-40fe-979e-f014d708f2a7,8a81117f-67e1-40e8-9901-f93be24dd4e9,de041adb-da50-438c-bbf9-11040553bf69,XXL,101.092,89.916,,134.874,,"2026-09-12 19:05:52.549435+00",100100870962625
7786b83e-41ab-4ca7-8546-6fd83b9cc004,8a81117f-67e1-40e8-9901-f93be24dd4e9,9b369785-e6c3-4356-993c-464bb170fa34,L,89.916,77.978,,133.096,,"2026-09-12 19:05:53.404366+00",100100870965030
3015603c-f366-4235-8cbd-5bc47e437050,8a81117f-67e1-40e8-9901-f93be24dd4e9,a914867f-7c6c-4aa1-84dc-18fd5b59a1a1,S,80.01,68.072,,131.064,,"2026-09-12 19:05:54.221232+00",100100870962861
7586bc00-187c-4ea2-898e-12f18425c8c2,8a81117f-67e1-40e8-9901-f93be24dd4e9,a914867f-7c6c-4aa1-84dc-18fd5b59a1a1,XL,96.012,84.074,,134.112,,"2026-09-12 19:05:55.069984+00",100100870962884
8c3ec2e2-9c7b-4d3e-9743-73d995f846d7,8a81117f-67e1-40e8-9901-f93be24dd4e9,3eb16f5a-c7a9-4e3b-b386-18add7445faf,M,84.074,71.882,,132.08,,"2026-09-12 19:05:55.936804+00",100100870966322
6655e8db-49f7-49d4-b097-1080d74ec87a,8a81117f-67e1-40e8-9901-f93be24dd4e9,3eb16f5a-c7a9-4e3b-b386-18add7445faf,XXL,101.092,89.916,,134.874,,"2026-09-12 19:05:56.73988+00",100100870960625
171390c1-aeaf-4424-89b2-a813884c8987,8a81117f-67e1-40e8-9901-f93be24dd4e9,c3283dca-2c20-4322-bda9-2ce7b3184016,L,89.916,77.978,,133.096,,"2026-09-12 19:05:57.605572+00",100100870966092
790f0e2b-379d-4aec-b5d1-95ec8967d6ac,8a81117f-67e1-40e8-9901-f93be24dd4e9,e478d07e-1e3b-47e7-bad5-e89677adf6f3,M,107.95,,,73.406,,"2026-09-12 19:05:30.740712+00",100400899211758
047e4d94-ef71-476a-a4ce-edd9830f7a25,8a81117f-67e1-40e8-9901-f93be24dd4e9,e478d07e-1e3b-47e7-bad5-e89677adf6f3,XXL,125.984,,,77.978,,"2026-09-12 19:05:31.595498+00",100400899212034
592d3b37-6daf-410d-ac5f-b1d70b7fa8bb,8a81117f-67e1-40e8-9901-f93be24dd4e9,b6cb93cc-96a5-4fd0-b87b-635d86c0db32,L,114.046,,,74.93,,"2026-09-12 19:05:32.592653+00",100400899212294
eab6d976-18fe-447e-b65b-96e0b4c81f63,8a81117f-67e1-40e8-9901-f93be24dd4e9,4cb383bc-60cd-416b-ae2c-b90981eb1d50,S,102.108,,,71.882,,"2026-09-12 19:05:33.521251+00",100400899217416
a35d74eb-fa69-4af7-b0b5-78b1e8c86805,8a81117f-67e1-40e8-9901-f93be24dd4e9,4cb383bc-60cd-416b-ae2c-b90981eb1d50,XL,119.888,,,76.454,,"2026-09-12 19:05:34.436708+00",100400899212797
646891c6-cae5-4266-8964-4c13d7b8e3de,8a81117f-67e1-40e8-9901-f93be24dd4e9,5a95759f-cba2-4a46-b61b-31aca1a0058b,M,107.95,,,73.406,,"2026-09-12 19:05:35.300906+00",100400899212955
f0cb0b6a-12fb-4b98-b631-5d4c227c378f,8a81117f-67e1-40e8-9901-f93be24dd4e9,5a95759f-cba2-4a46-b61b-31aca1a0058b,XXL,125.984,,,77.978,,"2026-09-12 19:05:36.149836+00",100400899213224
a72c6081-01c2-4101-85a2-99a8f3bc999f,8a81117f-67e1-40e8-9901-f93be24dd4e9,452381b7-7181-4a07-a609-6815d8ce01d7,L,114.046,,,74.93,,"2026-09-12 19:05:36.975576+00",100400899213416
4e9935f3-ce62-4fef-9ae2-39a355284308,8a81117f-67e1-40e8-9901-f93be24dd4e9,bd30c7a6-77d9-4fab-aa4e-129702ead44b,S,71.882,64.008,86.106,136.906,,"2026-09-12 10:53:31.563815+00",100100795541824
195bc355-ee88-41dd-a81d-8443df48e395,8a81117f-67e1-40e8-9901-f93be24dd4e9,a85b2553-e6d7-423f-b783-ead65040275b,M,73.914,64.008,,137.922,,"2026-09-12 19:05:43.714368+00",100100284678181
97590407-a57e-4527-b100-00dd065659d9,8a81117f-67e1-40e8-9901-f93be24dd4e9,e129df58-7a58-40be-b134-667d5f7fbfce,S,70.104,59.944,,136.906,,"2026-09-12 19:05:44.557714+00",100100284675297
a722010e-c033-4734-a947-38e861f28e7e,8a81117f-67e1-40e8-9901-f93be24dd4e9,e129df58-7a58-40be-b134-667d5f7fbfce,XL,84.074,73.914,,139.954,,"2026-09-12 19:05:45.548399+00",100100284675858
8e005e59-efc1-41b8-8dcb-d06baafe6dfc,8a81117f-67e1-40e8-9901-f93be24dd4e9,a78446ec-f3eb-4082-aab3-bc4be83944f2,S,77.978,,,134.112,,"2026-09-12 19:05:48.093914+00",100100583461635
ffcd019d-6ffb-4d41-a736-9e68761209cf,8a81117f-67e1-40e8-9901-f93be24dd4e9,a78446ec-f3eb-4082-aab3-bc4be83944f2,XL,93.98,,,136.906,,"2026-09-12 19:05:49.390964+00",100100583468265
a5616e1f-4101-4584-b6cf-5cad21c16e8f,8a81117f-67e1-40e8-9901-f93be24dd4e9,4a8614a0-ff4b-4024-86cc-a495bd485011,M,84.074,71.882,,132.08,,"2026-09-12 19:05:50.244178+00",100100870962829
1f757a0a-43eb-4d9a-ab7b-9ca237ac0d5f,8a81117f-67e1-40e8-9901-f93be24dd4e9,4a8614a0-ff4b-4024-86cc-a495bd485011,XXL,101.092,89.916,,134.874,,"2026-09-12 19:05:51.078861+00",100100870962254
135b90ef-7ac8-46f7-8c66-36f24cfa1571,8a81117f-67e1-40e8-9901-f93be24dd4e9,de041adb-da50-438c-bbf9-11040553bf69,L,89.916,77.978,,133.096,,"2026-09-12 19:05:51.973847+00",100100870963641
5be967d7-12b3-425d-ae25-6990596f01b0,8a81117f-67e1-40e8-9901-f93be24dd4e9,9b369785-e6c3-4356-993c-464bb170fa34,S,80.01,68.072,,131.064,,"2026-09-12 19:05:52.815553+00",100100870960912
c9eef273-7814-4527-892c-ee0432117afe,8a81117f-67e1-40e8-9901-f93be24dd4e9,9b369785-e6c3-4356-993c-464bb170fa34,XL,96.012,84.074,,134.112,,"2026-09-12 19:05:53.681717+00",100100870963597
e63b9f72-6db7-43d8-b453-d2ee9c65fc5e,8a81117f-67e1-40e8-9901-f93be24dd4e9,a914867f-7c6c-4aa1-84dc-18fd5b59a1a1,M,84.074,71.882,,132.08,,"2026-09-12 19:05:54.509972+00",100100870967121
cd5168cc-6566-4768-9340-1d6f34c6261a,8a81117f-67e1-40e8-9901-f93be24dd4e9,a914867f-7c6c-4aa1-84dc-18fd5b59a1a1,XXL,101.092,89.916,,134.874,,"2026-09-12 19:05:55.351381+00",100100870965523
9fcb7866-175b-4e99-ab9d-c62b95be8808,8a81117f-67e1-40e8-9901-f93be24dd4e9,3eb16f5a-c7a9-4e3b-b386-18add7445faf,L,89.916,77.978,,133.096,,"2026-09-12 19:05:56.20362+00",100100870967781
ad992543-d71b-4d42-9577-74599af1f8fb,8a81117f-67e1-40e8-9901-f93be24dd4e9,c3283dca-2c20-4322-bda9-2ce7b3184016,S,80.01,68.072,,131.064,,"2026-09-12 19:05:57.023027+00",100100870965461
cfacd590-b16d-4c39-b7ab-909601f22e18,8a81117f-67e1-40e8-9901-f93be24dd4e9,c3283dca-2c20-4322-bda9-2ce7b3184016,XL,96.012,84.074,,134.112,,"2026-09-12 19:05:57.928204+00",100100870966293
9e5c825d-0f15-4d5c-913c-7e1dc81cc365,8a81117f-67e1-40e8-9901-f93be24dd4e9,c3283dca-2c20-4322-bda9-2ce7b3184016,XXL,101.092,89.916,,134.874,,"2026-09-12 19:05:58.211706+00",100100870963968
225d3fbd-f820-4e47-a22b-4f7c22622cd8,8a81117f-67e1-40e8-9901-f93be24dd4e9,89958ca5-4f9b-4353-ac15-0e02a612b209,S,80.01,68.072,,131.064,,"2026-09-12 19:05:58.51626+00",100100870960464
28206494-7ac1-4981-8bac-92a3467986d5,8a81117f-67e1-40e8-9901-f93be24dd4e9,89958ca5-4f9b-4353-ac15-0e02a612b209,M,84.074,71.882,,132.08,,"2026-09-12 19:05:58.812097+00",100100870963270
c23b4f57-cd84-48a0-a75b-10146b25f7ec,8a81117f-67e1-40e8-9901-f93be24dd4e9,89958ca5-4f9b-4353-ac15-0e02a612b209,L,89.916,77.978,,133.096,,"2026-09-12 19:05:59.087674+00",100100870962181
a995f038-d97c-4338-942a-327b641d7bf8,8a81117f-67e1-40e8-9901-f93be24dd4e9,89958ca5-4f9b-4353-ac15-0e02a612b209,XL,96.012,84.074,,134.112,,"2026-09-12 19:05:59.379999+00",100100870965725
5982d6c1-ca86-4edf-99a6-c8d3159d93a9,8a81117f-67e1-40e8-9901-f93be24dd4e9,89958ca5-4f9b-4353-ac15-0e02a612b209,XXL,101.092,89.916,,134.874,,"2026-09-12 19:05:59.66115+00",100100870962032
667b7c55-8068-4cc9-9d53-182d48095774,8a81117f-67e1-40e8-9901-f93be24dd4e9,fd829951-3680-4344-95ee-8e10db35ab12,M,84.074,71.882,,132.08,,"2026-09-12 19:06:00.261758+00",100100870963483
4312026e-72c4-4e54-bbea-706421976cac,8a81117f-67e1-40e8-9901-f93be24dd4e9,fd829951-3680-4344-95ee-8e10db35ab12,L,89.916,77.978,,133.096,,"2026-09-12 19:06:00.809409+00",100100870960804
dcc3061f-3800-490b-8f36-709a674fe5a2,8a81117f-67e1-40e8-9901-f93be24dd4e9,fd829951-3680-4344-95ee-8e10db35ab12,XL,96.012,84.074,,134.112,,"2026-09-12 19:06:01.446612+00",100100870964230
a9a565af-45f9-41a9-a885-da4d4d20dcd4,8a81117f-67e1-40e8-9901-f93be24dd4e9,fd829951-3680-4344-95ee-8e10db35ab12,XXL,101.092,89.916,,134.874,,"2026-09-12 19:06:02.347592+00",100100870961026
9b06e737-4a7d-4d4a-96c0-60a38de3324b,8a81117f-67e1-40e8-9901-f93be24dd4e9,3856bc3e-f6cd-4f9d-8928-99ebf9eed28f,S,,64.008,93.98,93.98,,"2026-09-12 19:06:04.127117+00",100100306575165
a82af39a-026e-462d-bf69-c22850ff7ab2,8a81117f-67e1-40e8-9901-f93be24dd4e9,3856bc3e-f6cd-4f9d-8928-99ebf9eed28f,M,,68.072,98.044,94.996,,"2026-09-12 19:06:04.429965+00",100100306571713
b56e7bd3-6b97-4b9e-8d04-28e2be0ed0e2,8a81117f-67e1-40e8-9901-f93be24dd4e9,3856bc3e-f6cd-4f9d-8928-99ebf9eed28f,L,,73.914,103.886,96.52,,"2026-09-12 19:06:04.74827+00",100100306575156
3f332c82-6f16-40aa-82e7-de1a35e54c68,8a81117f-67e1-40e8-9901-f93be24dd4e9,3856bc3e-f6cd-4f9d-8928-99ebf9eed28f,XL,,80.01,109.982,98.044,,"2026-09-12 19:06:05.043091+00",100100306579488
ba881d3b-161d-480a-bc32-74b3ef5bbddc,8a81117f-67e1-40e8-9901-f93be24dd4e9,07270964-bfa7-40ab-8dad-84c2a407c4d2,S,,98.044,119.888,96.012,,"2026-09-12 19:06:05.32542+00",100100229293873
048bcb2a-b74e-4020-82fe-19835a7d32e9,8a81117f-67e1-40e8-9901-f93be24dd4e9,07270964-bfa7-40ab-8dad-84c2a407c4d2,M,,102.108,123.952,97.028,,"2026-09-12 19:06:05.708421+00",100100229294379
1d909455-f406-4836-abb4-02340540c90e,8a81117f-67e1-40e8-9901-f93be24dd4e9,07270964-bfa7-40ab-8dad-84c2a407c4d2,L,,107.95,130.048,98.552,,"2026-09-12 19:06:06.086639+00",100100229298479
e32dc952-852b-41eb-a60a-91759fcb1e16,8a81117f-67e1-40e8-9901-f93be24dd4e9,07270964-bfa7-40ab-8dad-84c2a407c4d2,XL,,114.046,135.89,100.076,,"2026-09-12 19:06:06.357901+00",100100229291281
51dedaca-e53b-4992-818b-634e487b1941,8a81117f-67e1-40e8-9901-f93be24dd4e9,3c854952-3833-4e85-9873-40b6ddc3e343,S,,66.04,135.89,55.88,,"2026-09-12 19:06:06.656342+00",100100408161185
b9c60946-a7f2-4cef-897a-8236fd12675c,8a81117f-67e1-40e8-9901-f93be24dd4e9,3c854952-3833-4e85-9873-40b6ddc3e343,M,,71.882,141.986,56.896,,"2026-09-12 19:06:06.933263+00",100100408162480
3de522b6-4b6d-46c3-b9f6-aa76095406ed,8a81117f-67e1-40e8-9901-f93be24dd4e9,3c854952-3833-4e85-9873-40b6ddc3e343,L,,77.978,148.082,57.912,,"2026-09-12 19:06:07.215532+00",100100408163424
c85ec416-ebf9-4907-8c09-50424da660cf,8a81117f-67e1-40e8-9901-f93be24dd4e9,3c854952-3833-4e85-9873-40b6ddc3e343,XL,,86.106,155.956,58.928,,"2026-09-12 19:06:07.497004+00",100100408164464
4df6a76e-d944-49bf-a193-3b80fbcaa5ae,8a81117f-67e1-40e8-9901-f93be24dd4e9,20b58db6-c67d-4633-8786-5fac4d857377,S,,66.04,135.89,55.88,,"2026-09-12 19:06:07.777852+00",100100408165069
a4ff2603-7e03-4b7c-9841-bb98eafd4597,8a81117f-67e1-40e8-9901-f93be24dd4e9,20b58db6-c67d-4633-8786-5fac4d857377,M,,71.882,141.986,56.896,,"2026-09-12 19:06:08.051249+00",100100408166195
a7d960ab-5e27-4912-bb27-81b331114da4,8a81117f-67e1-40e8-9901-f93be24dd4e9,20b58db6-c67d-4633-8786-5fac4d857377,L,,77.978,148.082,57.912,,"2026-09-12 19:06:08.343594+00",100100408167005
aa1c78a4-aeda-4a5d-ab7c-d0d00b9200cc,8a81117f-67e1-40e8-9901-f93be24dd4e9,20b58db6-c67d-4633-8786-5fac4d857377,XL,,86.106,155.956,58.928,,"2026-09-12 19:06:08.609499+00",100100408168867
81e812bb-dd0d-4982-8094-2f6d3c95979e,8a81117f-67e1-40e8-9901-f93be24dd4e9,6eb7d479-769c-46fb-a26e-5160267930b4,S,,98.044,231.902,88.9,,"2026-09-12 19:06:08.890289+00",100100523341580
bd3ae6d1-7e53-4039-a99f-176b46fbad7b,8a81117f-67e1-40e8-9901-f93be24dd4e9,6eb7d479-769c-46fb-a26e-5160267930b4,M,,102.108,235.966,89.916,,"2026-09-12 19:06:09.195737+00",100100523340231
019e45a7-7488-4c99-bd1d-564943da10e6,8a81117f-67e1-40e8-9901-f93be24dd4e9,6eb7d479-769c-46fb-a26e-5160267930b4,L,,107.95,242.062,91.44,,"2026-09-12 19:06:09.516188+00",100100523347204
1b02b19b-24b1-4e5f-8256-a861548cff80,8a81117f-67e1-40e8-9901-f93be24dd4e9,6eb7d479-769c-46fb-a26e-5160267930b4,XL,,114.046,247.904,92.964,,"2026-09-12 19:06:09.799441+00",100100523341035
feb6c732-7544-479a-b713-63e494152e10,8a81117f-67e1-40e8-9901-f93be24dd4e9,aa70d3c1-9c6a-4407-8c36-e55b7b829f63,S,,70.104,102.108,38.1,,"2026-09-12 19:06:10.073428+00",100100703841672
1c1291db-3ea1-4345-a012-bf4d7111e735,8a81117f-67e1-40e8-9901-f93be24dd4e9,abb99263-bbf0-4532-8a43-274fe7958b22,S,102.108,,,71.882,,"2026-09-12 19:05:28.988071+00",100400899218195
7cd0dfc8-8aea-4525-9eb7-575b37511095,8a81117f-67e1-40e8-9901-f93be24dd4e9,3c96c1c7-0a16-4dff-b285-f59b8ce05dd9,S,88.9,68.072,94.996,,,"2026-09-12 19:06:16.473902+00",100100176928780
24163f2f-c289-4e14-8986-ac6a7d130640,8a81117f-67e1-40e8-9901-f93be24dd4e9,3c96c1c7-0a16-4dff-b285-f59b8ce05dd9,XL,109.982,87.884,115.062,,,"2026-09-12 19:06:17.338502+00",100100176927787
961d5ab3-2199-4f10-9a9c-c5b6d359919b,8a81117f-67e1-40e8-9901-f93be24dd4e9,c5a7d52f-0f1b-4816-99f1-1a491e07920c,L,101.854,81.026,106.934,,,"2026-09-12 19:06:18.173844+00",100100176924709
246a5292-5c9a-4d4d-a2af-cac3bdbb7063,8a81117f-67e1-40e8-9901-f93be24dd4e9,2041e9ac-b05f-4632-8d55-be0df9441be6,M,93.98,72.898,100.076,,,"2026-09-12 19:06:19.012781+00",100100176924212
50f99077-6525-46ce-a8d2-0458ee940878,8a81117f-67e1-40e8-9901-f93be24dd4e9,4ada2534-b5e9-4dc1-b1a0-ad22ba78b11f,S,88.9,68.072,94.996,,,"2026-09-12 19:06:19.854772+00",100100176920403
7e236fe3-282b-40b2-89ef-54210fb4480d,8a81117f-67e1-40e8-9901-f93be24dd4e9,4ada2534-b5e9-4dc1-b1a0-ad22ba78b11f,XL,109.982,87.884,115.062,,,"2026-09-12 19:06:20.667986+00",100100176920123
1b68703b-ec35-4678-89b7-f5c7b0e91cc0,8a81117f-67e1-40e8-9901-f93be24dd4e9,8eeb0e01-95f8-4a86-90cc-9e6034ffcbbe,L,101.854,81.026,106.934,,,"2026-09-12 19:06:21.493477+00",100100176928381
50c5fd96-64e9-4a08-8454-0a53c31c913d,8a81117f-67e1-40e8-9901-f93be24dd4e9,aa70d3c1-9c6a-4407-8c36-e55b7b829f63,M,,74.93,106.934,39.116,,"2026-09-12 19:06:10.34792+00",100100703841779
f1e83b79-8e68-4a58-b301-a3645d193498,8a81117f-67e1-40e8-9901-f93be24dd4e9,aa70d3c1-9c6a-4407-8c36-e55b7b829f63,XXL,,96.012,128.016,41.91,,"2026-09-12 19:06:11.462616+00",100100703842019
ba294904-ffe2-496e-9669-f707de2a2869,8a81117f-67e1-40e8-9901-f93be24dd4e9,f946761a-1716-4c83-9f4a-5ea2adbb3bfa,L,,80.01,112.014,39.878,,"2026-09-12 19:06:12.298905+00",100100703842317
67f28425-9e9e-4341-af6c-1ef29db78d1b,8a81117f-67e1-40e8-9901-f93be24dd4e9,7a12780f-75b7-4d1c-9d13-51a612c81b11,S,,70.104,102.108,38.1,,"2026-09-12 19:06:13.119196+00",100100703842687
83496515-26b8-41f1-842e-4e00dd340c93,8a81117f-67e1-40e8-9901-f93be24dd4e9,7a12780f-75b7-4d1c-9d13-51a612c81b11,XL,,87.884,119.888,40.894,,"2026-09-12 19:06:13.955029+00",100100703842941
e9d3d33d-f7fc-4f11-a378-022b6c00f223,8a81117f-67e1-40e8-9901-f93be24dd4e9,93e8e91a-f36e-4e9f-a53f-1f55da861d1d,M,,68.072,96.012,91.44,,"2026-09-12 19:06:14.809455+00",100100642194398
cab4877f-270b-4709-aeb3-f448e470ad54,8a81117f-67e1-40e8-9901-f93be24dd4e9,7995e821-3594-45bc-ad1d-a90b28c78ddb,M,93.98,72.898,100.076,,,"2026-09-12 19:06:15.644005+00",100100176921122
661d1136-dc84-426c-a8b8-fce85c153ad5,8a81117f-67e1-40e8-9901-f93be24dd4e9,62870af7-f0ec-437e-8bb7-b515e693c113,M,93.98,72.898,100.076,,,"2026-09-12 19:06:22.319467+00",100100176928200
dc14b246-4b71-40ce-a374-0d0b9c193d2f,8a81117f-67e1-40e8-9901-f93be24dd4e9,a268c04d-c559-45c8-bfec-56b21b7ae783,S,88.9,68.072,94.996,,,"2026-09-12 19:06:23.166558+00",100100176923865
8571ce52-4159-44a6-a42d-0f1ac57b7601,8a81117f-67e1-40e8-9901-f93be24dd4e9,a268c04d-c559-45c8-bfec-56b21b7ae783,XL,109.982,87.884,115.062,,,"2026-09-12 19:06:24.008935+00",100100176927966
369db798-6feb-43fc-ac22-1099f0001f33,8a81117f-67e1-40e8-9901-f93be24dd4e9,41c775e5-a772-43a5-b8ce-03ea05e3a8a7,L,101.854,81.026,106.934,,,"2026-09-12 19:06:24.858804+00",100100176921610
db23e8ae-8823-4891-ad3c-5d6fa3102a30,8a81117f-67e1-40e8-9901-f93be24dd4e9,a9d538dc-0ac8-44d6-86c3-2e0b2223fdbe,M,93.98,72.898,100.076,,,"2026-09-12 19:06:25.691786+00",100100176922718
9821ad54-ca9d-4f77-a033-cbd3e26f45ae,8a81117f-67e1-40e8-9901-f93be24dd4e9,e63b6835-6272-4a33-ac1f-c027f64d78b1,S,,62.0014,99.9998,105.0036,,"2026-09-12 19:06:26.509276+00",100100582021249
98ee08d1-c46e-4243-9e47-bed1270e5c8c,8a81117f-67e1-40e8-9901-f93be24dd4e9,245f1be3-5abe-4ad5-8ae9-2922570ee0ba,SM,96.52,78.74,,,,"2026-09-12 19:06:34.853873+00",100100051451036
4079812f-0053-47e9-80ad-e092caea6153,8a81117f-67e1-40e8-9901-f93be24dd4e9,8c3f25c0-7281-435c-ae63-b2eab98ca83c,LXL,109.22,91.44,,,,"2026-09-12 19:06:35.703373+00",100100780352530
b55ee563-3672-474c-9e7f-f23ebd626206,8a81117f-67e1-40e8-9901-f93be24dd4e9,a7bddbff-0617-42d4-ac98-7562b4e9abd9,L,127,,,78.994,,"2026-09-12 19:06:36.516827+00",100100005022596
13f55d38-0ea6-4c7d-aef9-c942780280f3,8a81117f-67e1-40e8-9901-f93be24dd4e9,7995e821-3594-45bc-ad1d-a90b28c78ddb,L,101.854,81.026,106.934,,,"2026-09-12 19:06:15.925373+00",100100176921396
34e9e9b3-4949-483d-b138-dc80e779e415,8a81117f-67e1-40e8-9901-f93be24dd4e9,3c96c1c7-0a16-4dff-b285-f59b8ce05dd9,M,93.98,72.898,100.076,,,"2026-09-12 19:06:16.778725+00",100100176925001
ba10f2bc-73de-4271-be07-10fcad5262c5,8a81117f-67e1-40e8-9901-f93be24dd4e9,c5a7d52f-0f1b-4816-99f1-1a491e07920c,S,88.9,68.072,94.996,,,"2026-09-12 19:06:17.603518+00",100100176921959
1431826a-58e1-463d-a886-0f38a326dfce,8a81117f-67e1-40e8-9901-f93be24dd4e9,c5a7d52f-0f1b-4816-99f1-1a491e07920c,XL,109.982,87.884,115.062,,,"2026-09-12 19:06:18.450556+00",100100176925131
614efd2b-2c4a-452e-8791-d7041d6fefe2,8a81117f-67e1-40e8-9901-f93be24dd4e9,2041e9ac-b05f-4632-8d55-be0df9441be6,L,101.854,81.026,106.934,,,"2026-09-12 19:06:19.29496+00",100100176921994
fc53b363-a8f9-4a8a-92c0-66aa3100786a,8a81117f-67e1-40e8-9901-f93be24dd4e9,4ada2534-b5e9-4dc1-b1a0-ad22ba78b11f,M,93.98,72.898,100.076,,,"2026-09-12 19:06:20.131704+00",100100176924282
edd09789-b58f-4a86-a2fe-eebc2f85c4f2,8a81117f-67e1-40e8-9901-f93be24dd4e9,aa70d3c1-9c6a-4407-8c36-e55b7b829f63,L,,80.01,112.014,39.878,,"2026-09-12 19:06:10.632863+00",100100703841882
9a09398c-f8f3-4cee-b652-6b98317b6868,8a81117f-67e1-40e8-9901-f93be24dd4e9,f946761a-1716-4c83-9f4a-5ea2adbb3bfa,S,,70.104,102.108,38.1,,"2026-09-12 19:06:11.750313+00",100100703842187
f98e0cb2-2277-4eba-b412-78fd1e92dca9,8a81117f-67e1-40e8-9901-f93be24dd4e9,f946761a-1716-4c83-9f4a-5ea2adbb3bfa,XL,,87.884,119.888,40.894,,"2026-09-12 19:06:12.57293+00",100100703842423
93a6d4e7-05e1-4eac-8572-5b62f07740e0,8a81117f-67e1-40e8-9901-f93be24dd4e9,7a12780f-75b7-4d1c-9d13-51a612c81b11,M,,74.93,106.934,39.116,,"2026-09-12 19:06:13.389477+00",100100703842746
19ba562c-1a0b-4670-8eff-38aa0d0d8471,8a81117f-67e1-40e8-9901-f93be24dd4e9,7a12780f-75b7-4d1c-9d13-51a612c81b11,XXL,,96.012,128.016,41.91,,"2026-09-12 19:06:14.25219+00",100100703843010
8fbc2ba1-b6e9-4e1f-9591-c330451c2419,8a81117f-67e1-40e8-9901-f93be24dd4e9,93e8e91a-f36e-4e9f-a53f-1f55da861d1d,L,,71.882,100.076,92.456,,"2026-09-12 19:06:15.094323+00",100100642193940
4ac6bf1b-633d-46aa-bb73-4bf3ce0afc22,8a81117f-67e1-40e8-9901-f93be24dd4e9,8eeb0e01-95f8-4a86-90cc-9e6034ffcbbe,S,88.9,68.072,94.996,,,"2026-09-12 19:06:20.9533+00",100100176923498
a67fab81-f04b-4d8f-b150-ab30d9f1b721,8a81117f-67e1-40e8-9901-f93be24dd4e9,8eeb0e01-95f8-4a86-90cc-9e6034ffcbbe,XL,109.982,87.884,115.062,,,"2026-09-12 19:06:21.761981+00",100100176923538
c372d909-eed7-4a96-b14c-5d5cdc87fae9,8a81117f-67e1-40e8-9901-f93be24dd4e9,62870af7-f0ec-437e-8bb7-b515e693c113,L,101.854,81.026,106.934,,,"2026-09-12 19:06:22.610651+00",100100176926985
6fc9b41d-844e-4143-8903-7ffc5a43f7be,8a81117f-67e1-40e8-9901-f93be24dd4e9,a268c04d-c559-45c8-bfec-56b21b7ae783,M,93.98,72.898,100.076,,,"2026-09-12 19:06:23.447979+00",100100176926880
dedaccb3-47f1-4171-9736-3d307234f2fd,8a81117f-67e1-40e8-9901-f93be24dd4e9,41c775e5-a772-43a5-b8ce-03ea05e3a8a7,S,88.9,68.072,94.996,,,"2026-09-12 19:06:24.316828+00",100100176926724
9ec5fd33-1b85-4af5-b09f-1926fe7c5cbf,8a81117f-67e1-40e8-9901-f93be24dd4e9,41c775e5-a772-43a5-b8ce-03ea05e3a8a7,XL,109.982,87.884,115.062,,,"2026-09-12 19:06:25.142905+00",100100176923940
49aadb8d-94ef-4b01-96d5-402ce13049f9,8a81117f-67e1-40e8-9901-f93be24dd4e9,a9d538dc-0ac8-44d6-86c3-2e0b2223fdbe,L,101.854,81.026,106.934,,,"2026-09-12 19:06:25.968482+00",100100176923999
c55b756e-aeff-4475-8779-38689fbd8117,8a81117f-67e1-40e8-9901-f93be24dd4e9,50a6e63f-4a49-4e79-bb95-808c98a65a11,S,91.44,71.12,,,,"2026-09-12 19:06:27.59623+00",100100306811532
4cc85fd5-e6b0-46cf-83d4-3ddd34107591,8a81117f-67e1-40e8-9901-f93be24dd4e9,1ea54fe9-ee23-41c9-8089-d98e8995b136,SM,96.52,78.74,,,,"2026-09-12 19:06:34.307957+00",100100148841778
0df29e50-2e6d-4a75-8765-9ede6e755f25,8a81117f-67e1-40e8-9901-f93be24dd4e9,245f1be3-5abe-4ad5-8ae9-2922570ee0ba,LXL,109.22,91.44,,,,"2026-09-12 19:06:35.138527+00",100100051452459
e8388248-dbc4-44c0-a1bb-c12ae29375fa,8a81117f-67e1-40e8-9901-f93be24dd4e9,a7bddbff-0617-42d4-ac98-7562b4e9abd9,S,115.062,,,74.93,,"2026-09-12 19:06:35.967908+00",100100005020562
3ee3719f-e539-4168-b74e-285124ab3e29,8a81117f-67e1-40e8-9901-f93be24dd4e9,a7bddbff-0617-42d4-ac98-7562b4e9abd9,XL,134.874,,,81.026,,"2026-09-12 19:06:36.790985+00",100100005024966
17f26954-22d2-42f9-90d0-9eabfd4f25d7,8a81117f-67e1-40e8-9901-f93be24dd4e9,f946761a-1716-4c83-9f4a-5ea2adbb3bfa,XXL,,96.012,128.016,41.91,,"2026-09-12 19:06:12.843741+00",100100703842534
86f1cec0-f093-4e1b-9f3a-47f0dbf7912e,8a81117f-67e1-40e8-9901-f93be24dd4e9,7a12780f-75b7-4d1c-9d13-51a612c81b11,L,,80.01,112.014,39.878,,"2026-09-12 19:06:13.682555+00",100100703842813
9bfb452d-cd2c-4d48-8c09-151001dd3a7b,8a81117f-67e1-40e8-9901-f93be24dd4e9,93e8e91a-f36e-4e9f-a53f-1f55da861d1d,S,,64.008,91.948,90.424,,"2026-09-12 19:06:14.527286+00",100100642193742
89f96ea8-ff45-47bd-a8ed-b94d4ff39081,8a81117f-67e1-40e8-9901-f93be24dd4e9,7995e821-3594-45bc-ad1d-a90b28c78ddb,S,88.9,68.072,94.996,,,"2026-09-12 19:06:15.373271+00",100100176928467
13fda5a0-3069-463f-ade8-05d7dfe56e9e,8a81117f-67e1-40e8-9901-f93be24dd4e9,7995e821-3594-45bc-ad1d-a90b28c78ddb,XL,109.982,87.884,115.062,,,"2026-09-12 19:06:16.194603+00",100100176921039
7716b765-bc28-4a31-b557-f9353cd4ddcb,8a81117f-67e1-40e8-9901-f93be24dd4e9,3c96c1c7-0a16-4dff-b285-f59b8ce05dd9,L,101.854,81.026,106.934,,,"2026-09-12 19:06:17.050901+00",100100176927618
a5fcde5e-9dd5-4a9d-a1ac-1ffe2505b530,8a81117f-67e1-40e8-9901-f93be24dd4e9,c5a7d52f-0f1b-4816-99f1-1a491e07920c,M,93.98,72.898,100.076,,,"2026-09-12 19:06:17.874155+00",100100176923943
613dff0a-b78c-4e9c-95a9-138ecc2d4b4d,8a81117f-67e1-40e8-9901-f93be24dd4e9,2041e9ac-b05f-4632-8d55-be0df9441be6,S,88.9,68.072,94.996,,,"2026-09-12 19:06:18.74166+00",100100176925601
efe4cd69-d644-4282-ba9a-1721bdeb227b,8a81117f-67e1-40e8-9901-f93be24dd4e9,2041e9ac-b05f-4632-8d55-be0df9441be6,XL,109.982,87.884,115.062,,,"2026-09-12 19:06:19.576368+00",100100176920371
fdc6820e-d0be-4b61-a897-49cc3dddd16f,8a81117f-67e1-40e8-9901-f93be24dd4e9,4ada2534-b5e9-4dc1-b1a0-ad22ba78b11f,L,101.854,81.026,106.934,,,"2026-09-12 19:06:20.396933+00",100100176922609
9bbaf311-e688-4f87-b5bb-bc63cbcd06f8,8a81117f-67e1-40e8-9901-f93be24dd4e9,8eeb0e01-95f8-4a86-90cc-9e6034ffcbbe,M,93.98,72.898,100.076,,,"2026-09-12 19:06:21.220469+00",100100176920100
d543f382-cfd8-4485-bbde-1ff4507f8172,8a81117f-67e1-40e8-9901-f93be24dd4e9,62870af7-f0ec-437e-8bb7-b515e693c113,S,88.9,68.072,94.996,,,"2026-09-12 19:06:22.039546+00",100100176920078
f1976402-8760-40b0-9bd3-bd94bf188b88,8a81117f-67e1-40e8-9901-f93be24dd4e9,62870af7-f0ec-437e-8bb7-b515e693c113,XL,109.982,87.884,115.062,,,"2026-09-12 19:06:22.893433+00",100100176921469
22097e05-2966-42bc-aa64-a16119fb5f0f,8a81117f-67e1-40e8-9901-f93be24dd4e9,a268c04d-c559-45c8-bfec-56b21b7ae783,L,101.854,81.026,106.934,,,"2026-09-12 19:06:23.71711+00",100100176926034
726dbecb-4333-4393-b612-c77ebc7ed77d,8a81117f-67e1-40e8-9901-f93be24dd4e9,41c775e5-a772-43a5-b8ce-03ea05e3a8a7,M,93.98,72.898,100.076,,,"2026-09-12 19:06:24.58825+00",100100176920841
a69b2b79-bf3e-4fb9-a573-ae7020e0f1bd,8a81117f-67e1-40e8-9901-f93be24dd4e9,a9d538dc-0ac8-44d6-86c3-2e0b2223fdbe,S,88.9,68.072,94.996,,,"2026-09-12 19:06:25.410634+00",100100176922750
b1f21998-5e38-4731-a090-97f4423b1faa,8a81117f-67e1-40e8-9901-f93be24dd4e9,a9d538dc-0ac8-44d6-86c3-2e0b2223fdbe,XL,109.982,87.884,115.062,,,"2026-09-12 19:06:26.237297+00",100100176922695
4b0254c1-7dea-4c97-a9c7-8382db1af1c8,8a81117f-67e1-40e8-9901-f93be24dd4e9,fbfa2e08-f448-4222-9e3e-72b5a60477bc,S,,68.58,93.98,,,"2026-09-12 19:06:28.700964+00",100100133191584
8c73b9fc-9d9d-4e2b-a09b-39c02a5fb7dc,8a81117f-67e1-40e8-9901-f93be24dd4e9,1ea54fe9-ee23-41c9-8089-d98e8995b136,LXL,109.22,91.44,,,,"2026-09-12 19:06:34.577953+00",100100148842800
4bd774fa-3e9e-4fbc-a138-8964c1fd5eb3,8a81117f-67e1-40e8-9901-f93be24dd4e9,8c3f25c0-7281-435c-ae63-b2eab98ca83c,SM,96.52,78.74,,,,"2026-09-12 19:06:35.417964+00",100100780351620
0ab7ecd4-a421-4099-991e-2a9334523e49,8a81117f-67e1-40e8-9901-f93be24dd4e9,a7bddbff-0617-42d4-ac98-7562b4e9abd9,M,120.904,,,76.962,,"2026-09-12 19:06:36.243647+00",100100005029930
dd8ce355-a165-4e49-92c1-79f138633f2c,8a81117f-67e1-40e8-9901-f93be24dd4e9,e97987be-f966-456f-85bf-097b4c7e1f06,M,,71.882,100.076,102.108,,"2026-09-12 19:08:26.646112+00",100100434423739
8be932c7-b0cc-4b91-9c84-899ef40832c3,8a81117f-67e1-40e8-9901-f93be24dd4e9,bf02fc8d-ffa1-423e-b6ce-46da35babee7,4,68.072,,,37.592,,"2026-09-12 19:08:15.666783+00",100100361608065
325434be-ad22-401f-96f9-9c9c0db2df26,8a81117f-67e1-40e8-9901-f93be24dd4e9,bf02fc8d-ffa1-423e-b6ce-46da35babee7,6,71.882,,,38.608,,"2026-09-12 19:08:16.165866+00",100100361605196
f1c352dc-654f-4887-8e2f-9b8022ba9b0d,8a81117f-67e1-40e8-9901-f93be24dd4e9,bf02fc8d-ffa1-423e-b6ce-46da35babee7,8,75.946,,,39.624,,"2026-09-12 19:08:16.663464+00",100100361604173
5ad76156-0eea-4392-8b78-3543ec21eacf,8a81117f-67e1-40e8-9901-f93be24dd4e9,bf02fc8d-ffa1-423e-b6ce-46da35babee7,10,80.01,,,40.386,,"2026-09-12 19:08:16.933811+00",100100361602098
5e4bec8b-ac07-4b34-961e-5efb98309de7,8a81117f-67e1-40e8-9901-f93be24dd4e9,bf02fc8d-ffa1-423e-b6ce-46da35babee7,12,84.074,,,41.402,,"2026-09-12 19:08:17.219773+00",100100361602335
66e123b0-a8f3-4f98-90b8-39707823e18c,8a81117f-67e1-40e8-9901-f93be24dd4e9,6cb03930-a11d-4414-bb73-0d17266736ba,4,68.072,,,37.592,,"2026-09-12 19:08:17.527574+00",100100361608503
ea9bd162-6d08-4262-b080-d93b21a6b39c,8a81117f-67e1-40e8-9901-f93be24dd4e9,6cb03930-a11d-4414-bb73-0d17266736ba,6,71.882,,,38.608,,"2026-09-12 19:08:17.824708+00",100100361607344
e5d83a44-1833-475f-9e4f-760a7982ec86,8a81117f-67e1-40e8-9901-f93be24dd4e9,6cb03930-a11d-4414-bb73-0d17266736ba,8,75.946,,,39.624,,"2026-09-12 19:08:18.104891+00",100100361601844
15da0907-454a-47f8-b940-9e8f802297a2,8a81117f-67e1-40e8-9901-f93be24dd4e9,6cb03930-a11d-4414-bb73-0d17266736ba,10,80.01,,,40.386,,"2026-09-12 19:08:18.382185+00",100100361602312
585c1b89-0e6d-4c9c-a2c6-043e06a431be,8a81117f-67e1-40e8-9901-f93be24dd4e9,6cb03930-a11d-4414-bb73-0d17266736ba,12,84.074,,,41.402,,"2026-09-12 19:08:18.651558+00",100100361602551
a19cb38e-84b5-4fc5-9848-417db9ee3fde,8a81117f-67e1-40e8-9901-f93be24dd4e9,68c2313f-ae1f-45ae-8bd3-ce68b57f472f,4,68.072,,,37.592,,"2026-09-12 19:08:18.920589+00",100100361608303
d7e95149-ca4a-4aad-82df-9313b5076a39,8a81117f-67e1-40e8-9901-f93be24dd4e9,68c2313f-ae1f-45ae-8bd3-ce68b57f472f,6,71.882,,,38.608,,"2026-09-12 19:08:19.198955+00",100100361606197
b6f88ae7-e07f-4e05-bda7-c9e63068ca33,8a81117f-67e1-40e8-9901-f93be24dd4e9,68c2313f-ae1f-45ae-8bd3-ce68b57f472f,8,75.946,,,39.624,,"2026-09-12 19:08:19.467629+00",100100361602229
346720d8-18ad-4e99-a191-bb17a97bc34c,8a81117f-67e1-40e8-9901-f93be24dd4e9,68c2313f-ae1f-45ae-8bd3-ce68b57f472f,10,80.01,,,40.386,,"2026-09-12 19:08:19.777774+00",100100361606018
5f96c58d-8810-4c47-bba9-9269229790d1,8a81117f-67e1-40e8-9901-f93be24dd4e9,68c2313f-ae1f-45ae-8bd3-ce68b57f472f,12,84.074,,,41.402,,"2026-09-12 19:08:20.068773+00",100100361602607
0f2dbd1a-3382-4444-a326-863f4a274c8d,8a81117f-67e1-40e8-9901-f93be24dd4e9,888a7695-5e40-4710-b8d1-11b85ad7c697,4,68.072,,,37.592,,"2026-09-12 19:08:20.369581+00",100100361604619
053a333a-5a7c-428a-8260-12b104ce1a1d,8a81117f-67e1-40e8-9901-f93be24dd4e9,888a7695-5e40-4710-b8d1-11b85ad7c697,6,71.882,,,38.608,,"2026-09-12 19:08:20.65391+00",100100361604847
ea3b5491-c88b-4bca-aa2c-f12b92aabac1,8a81117f-67e1-40e8-9901-f93be24dd4e9,888a7695-5e40-4710-b8d1-11b85ad7c697,8,75.946,,,39.624,,"2026-09-12 19:08:20.933186+00",100100361607313
4006411d-887d-4af1-912e-619244ca2b6b,8a81117f-67e1-40e8-9901-f93be24dd4e9,888a7695-5e40-4710-b8d1-11b85ad7c697,10,80.01,,,40.386,,"2026-09-12 19:08:21.204973+00",100100361604469
4bc06be3-f831-4f57-80af-47c34cd4cb5a,8a81117f-67e1-40e8-9901-f93be24dd4e9,888a7695-5e40-4710-b8d1-11b85ad7c697,12,84.074,,,41.402,,"2026-09-12 19:08:21.511392+00",100100361608828
56c28f0d-3891-4f1f-8958-63c30d6aeb96,8a81117f-67e1-40e8-9901-f93be24dd4e9,d86065c3-930b-450e-b8e8-7b860420b9e8,4,68.072,,,37.592,,"2026-09-12 19:08:21.844587+00",100100361607463
05411655-c7c1-4034-92cf-f0a7c95cedef,8a81117f-67e1-40e8-9901-f93be24dd4e9,d86065c3-930b-450e-b8e8-7b860420b9e8,6,71.882,,,38.608,,"2026-09-12 19:08:22.133919+00",100100361608151
f459cd2c-208a-438e-8751-cb5637f7a9fe,8a81117f-67e1-40e8-9901-f93be24dd4e9,d86065c3-930b-450e-b8e8-7b860420b9e8,8,75.946,,,39.624,,"2026-09-12 19:08:22.424936+00",100100361606490
d1ca96db-1454-4785-abb0-975d24169c51,8a81117f-67e1-40e8-9901-f93be24dd4e9,d86065c3-930b-450e-b8e8-7b860420b9e8,10,80.01,,,40.386,,"2026-09-12 19:08:22.692152+00",100100361603238
8610633f-3ad9-47d9-903e-41c0c9dfd98b,8a81117f-67e1-40e8-9901-f93be24dd4e9,d86065c3-930b-450e-b8e8-7b860420b9e8,12,84.074,,,41.402,,"2026-09-12 19:08:22.978594+00",100100361605738
0c0de5b3-12bf-4351-9938-97491f5a5692,8a81117f-67e1-40e8-9901-f93be24dd4e9,0df8dce9-e681-4a4b-8ad1-d23757bcbc26,4,68.072,,,37.592,,"2026-09-12 19:08:23.255024+00",100100361604519
f4ed7863-d165-4cec-8242-eb0a3348592a,8a81117f-67e1-40e8-9901-f93be24dd4e9,0df8dce9-e681-4a4b-8ad1-d23757bcbc26,6,71.882,,,38.608,,"2026-09-12 19:08:23.524781+00",100100361604971
f124c71b-5dd7-437f-b114-add4fde89e3a,8a81117f-67e1-40e8-9901-f93be24dd4e9,0df8dce9-e681-4a4b-8ad1-d23757bcbc26,8,75.946,,,39.624,,"2026-09-12 19:08:23.802674+00",100100361602361
a5f882a5-cd2d-4b70-a526-567a8173b945,8a81117f-67e1-40e8-9901-f93be24dd4e9,0df8dce9-e681-4a4b-8ad1-d23757bcbc26,10,80.01,,,40.386,,"2026-09-12 19:08:24.071336+00",100100361606688
201b74a6-97de-4026-bc0e-9dacbc75206e,8a81117f-67e1-40e8-9901-f93be24dd4e9,0df8dce9-e681-4a4b-8ad1-d23757bcbc26,12,84.074,,,41.402,,"2026-09-12 19:08:24.418868+00",100100361602906
736f5637-b84d-4dc3-97a1-e2a94be5fb75,8a81117f-67e1-40e8-9901-f93be24dd4e9,fde5aaf7-73ab-416a-8f8d-e3c606ba4390,4,68.072,,,37.592,,"2026-09-12 19:08:24.697064+00",100100361607139
80be9a43-25dc-460d-a6d4-5e007a7d9c1c,8a81117f-67e1-40e8-9901-f93be24dd4e9,fde5aaf7-73ab-416a-8f8d-e3c606ba4390,6,71.882,,,38.608,,"2026-09-12 19:08:24.978744+00",100100361602522
649bc7e0-bd94-47fd-9187-89c37d03a483,8a81117f-67e1-40e8-9901-f93be24dd4e9,fde5aaf7-73ab-416a-8f8d-e3c606ba4390,8,75.946,,,39.624,,"2026-09-12 19:08:25.26298+00",100100361606891
dae50e03-2c2e-43d9-b243-89aec0585a5e,8a81117f-67e1-40e8-9901-f93be24dd4e9,fde5aaf7-73ab-416a-8f8d-e3c606ba4390,12,84.074,,,41.402,,"2026-09-12 19:08:25.809117+00",100100361601577
6a2a2dc5-587d-44a9-b9b8-62a1d1d4712a,8a81117f-67e1-40e8-9901-f93be24dd4e9,f946761a-1716-4c83-9f4a-5ea2adbb3bfa,M,,74.93,106.934,39.116,,"2026-09-12 19:06:12.03132+00",100100703842251
6e83b0cb-4076-43fa-9e45-dbf027288682,8a81117f-67e1-40e8-9901-f93be24dd4e9,f2358dba-dfcb-4d4a-9ce5-51fdbf9d10e2,L,107.95,,,28.448,,"2026-09-12 19:04:45.059798+00",100400152473941
3d34122f-7600-4a3c-ad7f-ad4be0ba689c,8a81117f-67e1-40e8-9901-f93be24dd4e9,c20d768c-e58f-4118-9f83-c4199389d9b6,L,107.95,,,64.008,,"2026-09-12 19:08:30.406045+00",100100634043274
c9f86ea7-774f-42d5-af41-9ac71467b52d,8a81117f-67e1-40e8-9901-f93be24dd4e9,e97987be-f966-456f-85bf-097b4c7e1f06,L,,75.946,103.886,103.886,,"2026-09-12 19:08:26.920767+00",100100434424864
ace704fa-a32f-499f-a8ad-58cbbd19fff0,8a81117f-67e1-40e8-9901-f93be24dd4e9,51d985b2-fe69-4085-a68b-3420ef6a21f5,L,,75.946,103.886,103.886,,"2026-09-12 19:08:27.738079+00",100100434420525
88199133-3244-4766-94f9-588b32a4adb1,8a81117f-67e1-40e8-9901-f93be24dd4e9,59cf82d6-9d34-4946-b0e1-e12aae1d4440,L,,75.946,103.886,103.886,,"2026-09-12 19:08:28.567052+00",100100434421262
cfaf21f2-2328-4ff8-8e94-643fd9861311,8a81117f-67e1-40e8-9901-f93be24dd4e9,68d7995c-2bfa-4beb-847a-eb3d717e0fdf,L,,75.946,103.886,103.886,,"2026-09-12 19:08:29.40826+00",100100434425112
32a2ca16-48b8-4bec-8574-dc7d7748f398,8a81117f-67e1-40e8-9901-f93be24dd4e9,ce48173e-c8b9-412b-95cb-72df7c8cdb63,XXL,125.984,,,77.978,,"2026-09-12 19:04:55.603967+00",100400739153474
c073ac51-b7c8-46b8-9901-ab41334598ba,8a81117f-67e1-40e8-9901-f93be24dd4e9,7c9fc641-c295-4857-8c68-e1e2a49ea145,XL,119.888,,,76.454,,"2026-09-12 19:04:58.153612+00",100400739154260
be93e798-dcfc-4020-8122-37d0569748be,8a81117f-67e1-40e8-9901-f93be24dd4e9,e7a2fa0c-dcba-41a8-8c87-31db1dc8ebb2,S,102.108,,,71.882,,"2026-09-12 19:05:25.827861+00",100400899212883
dbf386cb-242f-4fb5-9e64-83118bf111ed,8a81117f-67e1-40e8-9901-f93be24dd4e9,c20d768c-e58f-4118-9f83-c4199389d9b6,S,96.012,,,59.944,,"2026-09-12 19:08:29.869177+00",100100634041270
76d7a917-79bb-4742-95ce-c1dfabc92dc9,8a81117f-67e1-40e8-9901-f93be24dd4e9,c20d768c-e58f-4118-9f83-c4199389d9b6,XL,116.078,,,66.04,,"2026-09-12 19:08:30.694695+00",100100634044921
f5a4ce80-3151-4f5d-9c98-a6b29bca26e6,8a81117f-67e1-40e8-9901-f93be24dd4e9,51d985b2-fe69-4085-a68b-3420ef6a21f5,S,,68.072,96.012,100.076,,"2026-09-12 19:08:27.197759+00",100100434428290
c9521b11-062f-4911-a57d-7e04cb32e904,8a81117f-67e1-40e8-9901-f93be24dd4e9,59cf82d6-9d34-4946-b0e1-e12aae1d4440,S,,68.072,96.012,100.076,,"2026-09-12 19:08:28.015168+00",100100434429444
f84da128-6c55-40f6-b5c9-1a6abba16573,8a81117f-67e1-40e8-9901-f93be24dd4e9,68d7995c-2bfa-4beb-847a-eb3d717e0fdf,S,,68.072,96.012,100.076,,"2026-09-12 19:08:28.84664+00",100100434428893
45a0b742-3914-4c70-8ee1-fca1cb2aa699,8a81117f-67e1-40e8-9901-f93be24dd4e9,59cf82d6-9d34-4946-b0e1-e12aae1d4440,M,,71.882,100.076,102.108,,"2026-09-12 19:08:28.298041+00",100100434429774
0cbb6633-8a3f-4e28-96cc-cb70159f6dbe,8a81117f-67e1-40e8-9901-f93be24dd4e9,68d7995c-2bfa-4beb-847a-eb3d717e0fdf,M,,71.882,100.076,102.108,,"2026-09-12 19:08:29.131452+00",100100434420925
bc8f0708-83cd-4bf2-9490-efb40e0d130b,8a81117f-67e1-40e8-9901-f93be24dd4e9,7cbc41c6-b28a-4285-aa8a-6c0addf31110,XL,119.888,,,75.438,,"2026-09-12 19:05:11.676412+00",100400541155388
cc0d4ee2-fbf4-471f-aedf-6be0d2f26b17,8a81117f-67e1-40e8-9901-f93be24dd4e9,c1116336-579a-4481-a264-89f8a1f30e15,L,114.046,,,74.93,,"2026-09-12 19:05:27.843065+00",100400899211025
1dc67063-2d1a-491d-8940-4fb3dd7c76d3,8a81117f-67e1-40e8-9901-f93be24dd4e9,abb99263-bbf0-4532-8a43-274fe7958b22,XL,119.888,,,76.454,,"2026-09-12 19:05:29.865422+00",100400899211533
c299b606-878d-44d2-b7c2-d15d12210c9c,8a81117f-67e1-40e8-9901-f93be24dd4e9,bd30c7a6-77d9-4fab-aa4e-129702ead44b,M,75.946,68.072,89.916,137.922,,"2026-09-12 10:53:31.857536+00",100100795549273
75553bc2-42b7-4639-b562-0b19014cd9c3,8a81117f-67e1-40e8-9901-f93be24dd4e9,fd829951-3680-4344-95ee-8e10db35ab12,S,80.01,68.072,,131.064,,"2026-09-12 19:05:59.927544+00",100100870969871
93173991-64b6-4abe-9cd5-2fecc8e1326f,8a81117f-67e1-40e8-9901-f93be24dd4e9,aa70d3c1-9c6a-4407-8c36-e55b7b829f63,XL,,87.884,119.888,40.894,,"2026-09-12 19:06:10.902163+00",100100703841932
8abf2308-2066-4dff-87d0-a03357ba00db,8a81117f-67e1-40e8-9901-f93be24dd4e9,f6302c95-ff9a-467f-9b3b-8593689fbdf2,S,41.91,,,57.912,,"2026-09-12 19:11:08.375409+00",100400911321372
cbbcd33b-aa87-4661-bbdf-cdd248a866c7,8a81117f-67e1-40e8-9901-f93be24dd4e9,f6302c95-ff9a-467f-9b3b-8593689fbdf2,M,43.942,,,59.436,,"2026-09-12 19:11:08.65285+00",100400911327554
a43bbd77-2b1f-488e-9bff-078e3401d230,8a81117f-67e1-40e8-9901-f93be24dd4e9,f6302c95-ff9a-467f-9b3b-8593689fbdf2,L,45.974,,,60.96,,"2026-09-12 19:11:08.931614+00",100400911325350
3d5bc56b-a8b1-471d-848f-c8956edb978c,8a81117f-67e1-40e8-9901-f93be24dd4e9,f6302c95-ff9a-467f-9b3b-8593689fbdf2,XL,48.006,,,62.484,,"2026-09-12 19:11:09.200177+00",100400911321651
bfe50090-1ecb-491a-9a76-9b07399a5caa,8a81117f-67e1-40e8-9901-f93be24dd4e9,f6302c95-ff9a-467f-9b3b-8593689fbdf2,XXL,50.038,,,64.008,,"2026-09-12 19:11:09.470803+00",100400911320021
42f99b38-a050-40bb-8614-364bda1b6da8,8a81117f-67e1-40e8-9901-f93be24dd4e9,c149b3de-7b24-4524-b3ed-38000b6ec1f2,S,41.91,,,57.912,,"2026-09-12 19:11:09.773076+00",100400911327302
93c585e5-8016-43de-bb31-ece019b252ff,8a81117f-67e1-40e8-9901-f93be24dd4e9,c149b3de-7b24-4524-b3ed-38000b6ec1f2,L,45.974,,,60.96,,"2026-09-12 19:11:10.31307+00",100400911323678
29a03ed2-4e24-4d09-83d9-719396f250fb,8a81117f-67e1-40e8-9901-f93be24dd4e9,c149b3de-7b24-4524-b3ed-38000b6ec1f2,XL,48.006,,,62.484,,"2026-09-12 19:11:10.592659+00",100400911324130
25659c67-0352-4b60-bdc3-c12e47f99d82,8a81117f-67e1-40e8-9901-f93be24dd4e9,c149b3de-7b24-4524-b3ed-38000b6ec1f2,XXL,50.038,,,64.008,,"2026-09-12 19:11:10.869124+00",100400911325813
420b8cfb-c816-4500-ac90-eae0f9dc337d,8a81117f-67e1-40e8-9901-f93be24dd4e9,ec8d2ce9-33a7-4062-b611-8773e2f78e50,S,,32.004,,85.598,,"2026-09-12 19:11:11.149822+00",100400133901780
8043917b-4611-48d2-a0af-bb20bcb387f4,8a81117f-67e1-40e8-9901-f93be24dd4e9,ec8d2ce9-33a7-4062-b611-8773e2f78e50,M,,34.036,,87.122,,"2026-09-12 19:11:11.418312+00",100400133904334
770a2a7f-76ca-4aad-a5cc-dc15cb439ca0,8a81117f-67e1-40e8-9901-f93be24dd4e9,ec8d2ce9-33a7-4062-b611-8773e2f78e50,L,,36.068,,88.392,,"2026-09-12 19:11:11.690253+00",100400133902789
40cc6bca-67e7-43a6-b302-8ffd08adff60,8a81117f-67e1-40e8-9901-f93be24dd4e9,ec8d2ce9-33a7-4062-b611-8773e2f78e50,XL,,38.1,,89.916,,"2026-09-12 19:11:11.96727+00",100400133900359
8bfc158e-0014-4a65-9968-08466abc5861,8a81117f-67e1-40e8-9901-f93be24dd4e9,ec8d2ce9-33a7-4062-b611-8773e2f78e50,XXL,,39.878,,91.44,,"2026-09-12 19:11:12.2414+00",100400133901295
04836e5d-6613-400c-ab81-db7c89c89260,8a81117f-67e1-40e8-9901-f93be24dd4e9,4ab5a888-c397-4830-a55b-559f4bb62529,S,,32.004,,85.598,,"2026-09-12 19:11:12.536751+00",100400133905701
39754bf1-f3a4-47f6-a641-a2482cd94403,8a81117f-67e1-40e8-9901-f93be24dd4e9,4ab5a888-c397-4830-a55b-559f4bb62529,M,,34.036,,87.122,,"2026-09-12 19:11:12.815542+00",100400133908437
120e244e-58f7-481b-aa44-75366d14111f,8a81117f-67e1-40e8-9901-f93be24dd4e9,4ab5a888-c397-4830-a55b-559f4bb62529,L,,36.068,,88.392,,"2026-09-12 19:11:13.084989+00",100400133907007
7e40e89f-2870-49f6-93ee-83351be343a5,8a81117f-67e1-40e8-9901-f93be24dd4e9,4ab5a888-c397-4830-a55b-559f4bb62529,XL,,38.1,,89.916,,"2026-09-12 19:11:13.35388+00",100400133902597
1ef9bbe2-c7c7-4327-88c2-3f3b177338ce,8a81117f-67e1-40e8-9901-f93be24dd4e9,4ab5a888-c397-4830-a55b-559f4bb62529,XXL,,39.878,,91.44,,"2026-09-12 19:11:13.652734+00",100400133905026
4b814b5f-91c2-469f-81d4-488b9ab80ff8,8a81117f-67e1-40e8-9901-f93be24dd4e9,f924cc2f-ec63-428f-a59c-a37643f0652c,S,100.076,,,54.102,,"2026-09-12 19:11:13.92592+00",100100419204280
559b051d-62e6-407d-b0ee-4c941a7774cb,8a81117f-67e1-40e8-9901-f93be24dd4e9,f924cc2f-ec63-428f-a59c-a37643f0652c,M,103.886,,,55.118,,"2026-09-12 19:11:14.198939+00",100100419202545
755cf607-33a3-40b8-a291-2efa8b053d47,8a81117f-67e1-40e8-9901-f93be24dd4e9,f924cc2f-ec63-428f-a59c-a37643f0652c,L,109.982,,,56.388,,"2026-09-12 19:11:14.485361+00",100100419204975
9f962eff-fed7-4c82-9131-26d9d19be419,8a81117f-67e1-40e8-9901-f93be24dd4e9,f924cc2f-ec63-428f-a59c-a37643f0652c,XL,116.078,,,57.912,,"2026-09-12 19:11:14.764804+00",100100419201448
d47390ae-3865-4707-8ff4-c364b9fc4218,8a81117f-67e1-40e8-9901-f93be24dd4e9,8982b2a8-0a3d-4d95-a2cf-3e6af782d7d9,S,114.046,,,51.054,,"2026-09-12 19:11:15.032538+00",100100480919271
bcdd9fab-f788-454e-b6d5-9fda88f92835,8a81117f-67e1-40e8-9901-f93be24dd4e9,8982b2a8-0a3d-4d95-a2cf-3e6af782d7d9,M,118.11,,,52.07,,"2026-09-12 19:11:15.297642+00",100100480914475
d02059d8-2433-479d-a529-e519924546f6,8a81117f-67e1-40e8-9901-f93be24dd4e9,8982b2a8-0a3d-4d95-a2cf-3e6af782d7d9,L,123.952,,,53.594,,"2026-09-12 19:11:15.566806+00",100100480912443
b2712582-03d9-4110-86e1-d1f4d31c782e,8a81117f-67e1-40e8-9901-f93be24dd4e9,8982b2a8-0a3d-4d95-a2cf-3e6af782d7d9,XL,130.048,,,55.118,,"2026-09-12 19:11:15.836652+00",100100480913282
0b91edaf-0c50-4585-9ed1-a2deb4ad4a98,8a81117f-67e1-40e8-9901-f93be24dd4e9,a95fd46b-c6a2-41fd-a32a-9f208f35900d,S,114.046,,,51.054,,"2026-09-12 19:11:16.11827+00",100100480916836
197733c8-c823-4ad4-8ade-5b486e8b2b01,8a81117f-67e1-40e8-9901-f93be24dd4e9,a95fd46b-c6a2-41fd-a32a-9f208f35900d,M,118.11,,,52.07,,"2026-09-12 19:11:16.428031+00",100100480912170
fcc8c294-4e69-465f-a1a1-703245de19fe,8a81117f-67e1-40e8-9901-f93be24dd4e9,a95fd46b-c6a2-41fd-a32a-9f208f35900d,L,123.952,,,53.594,,"2026-09-12 19:11:16.727623+00",100100480917701
efafe605-3471-4a29-9a1b-a00de207bbe2,8a81117f-67e1-40e8-9901-f93be24dd4e9,a95fd46b-c6a2-41fd-a32a-9f208f35900d,XL,130.048,,,55.118,,"2026-09-12 19:11:17.009705+00",100100480919160
d0caae3a-436e-4736-a475-3dc7eef9ef98,8a81117f-67e1-40e8-9901-f93be24dd4e9,bcfaf8f8-ac8d-4f4f-aa4c-a60163fc7159,S,114.046,,,51.054,,"2026-09-12 19:11:17.27918+00",100100480916122
5b7f72d2-9a22-48e6-b063-75eb24bc5e31,8a81117f-67e1-40e8-9901-f93be24dd4e9,bcfaf8f8-ac8d-4f4f-aa4c-a60163fc7159,M,118.11,,,52.07,,"2026-09-12 19:11:17.552328+00",100100480918537
bf3f0069-3848-4fbb-b2b7-89766127833a,8a81117f-67e1-40e8-9901-f93be24dd4e9,bcfaf8f8-ac8d-4f4f-aa4c-a60163fc7159,L,123.952,,,53.594,,"2026-09-12 19:11:17.821806+00",100100480914755
f394b7a7-f766-4990-aa0a-ece1d8403581,8a81117f-67e1-40e8-9901-f93be24dd4e9,bcfaf8f8-ac8d-4f4f-aa4c-a60163fc7159,XL,130.048,,,55.118,,"2026-09-12 19:11:18.141937+00",100100480912155
028143f4-8e47-44c0-9b94-c8139d2a00aa,8a81117f-67e1-40e8-9901-f93be24dd4e9,469227b5-2529-417c-a4ea-cad8ecd62afb,S,114.046,,,51.054,,"2026-09-12 19:11:18.430031+00",100100480912898
bf74d774-f260-4452-96e9-372add7bff09,8a81117f-67e1-40e8-9901-f93be24dd4e9,469227b5-2529-417c-a4ea-cad8ecd62afb,M,118.11,,,52.07,,"2026-09-12 19:11:18.762846+00",100100480915330
14cfe0a6-6217-48b8-9036-916427db4449,8a81117f-67e1-40e8-9901-f93be24dd4e9,469227b5-2529-417c-a4ea-cad8ecd62afb,L,123.952,,,53.594,,"2026-09-12 19:11:19.075803+00",100100480911308
dff120a3-db6d-4a06-b46c-da99470ce514,8a81117f-67e1-40e8-9901-f93be24dd4e9,2c31819d-df1a-43ee-93c2-9832d63d893f,M,107.95,,,57.912,,"2026-09-12 19:11:19.705608+00",100100669302486
03c97b2d-3147-4f32-97b7-d214e8f93461,8a81117f-67e1-40e8-9901-f93be24dd4e9,2c31819d-df1a-43ee-93c2-9832d63d893f,L,114.046,,,59.944,,"2026-09-12 19:11:19.991512+00",100100669303832
abab9ff6-a5c6-42c9-80a0-c06533135f53,8a81117f-67e1-40e8-9901-f93be24dd4e9,2c31819d-df1a-43ee-93c2-9832d63d893f,XL,121.92,,,61.976,,"2026-09-12 19:11:20.271158+00",100100669304160
d7731e7c-900d-4d60-aa8d-c63d2ce63f5c,8a81117f-67e1-40e8-9901-f93be24dd4e9,6722e626-15f4-4082-b277-d17513183094,S,91.948,,,59.944,,"2026-09-12 19:11:20.543508+00",100100252281680
f0c1f674-a50a-4ee7-920a-50701fa48859,8a81117f-67e1-40e8-9901-f93be24dd4e9,6722e626-15f4-4082-b277-d17513183094,M,98.044,,,61.976,,"2026-09-12 19:11:20.813623+00",100100252282427
8f0b3004-4e8d-449f-9704-de7f6ef53feb,8a81117f-67e1-40e8-9901-f93be24dd4e9,6722e626-15f4-4082-b277-d17513183094,L,103.886,,,64.008,,"2026-09-12 19:11:21.084249+00",100100252283041
8c9314c6-5498-41e3-a4f5-7869efc01c60,8a81117f-67e1-40e8-9901-f93be24dd4e9,6722e626-15f4-4082-b277-d17513183094,XL,112.014,,,66.04,,"2026-09-12 19:11:21.356987+00",100100252284915
da7165e8-2a70-465a-8d74-69fe6d3ef1a4,8a81117f-67e1-40e8-9901-f93be24dd4e9,12617226-c5f8-4e32-83af-11391215f665,S,100.076,,,61.976,,"2026-09-12 19:11:21.662449+00",100100195439164
b4e56c21-ac3f-40f4-ac36-fe131bc6fdcc,8a81117f-67e1-40e8-9901-f93be24dd4e9,12617226-c5f8-4e32-83af-11391215f665,M,105.918,,,64.008,,"2026-09-12 19:11:21.957465+00",100100195437413
e0bc1ead-fb38-4fa2-b1c6-be1c4eabb22f,8a81117f-67e1-40e8-9901-f93be24dd4e9,12617226-c5f8-4e32-83af-11391215f665,L,112.014,,,66.04,,"2026-09-12 19:11:22.239613+00",100100195437659
2e6022fd-4ea6-4718-aa1b-84559af2261e,8a81117f-67e1-40e8-9901-f93be24dd4e9,12617226-c5f8-4e32-83af-11391215f665,XL,119.888,,,68.072,,"2026-09-12 19:11:22.513784+00",100100195438077
b4bcb4ed-6d9d-4b34-a813-64785427c5d5,8a81117f-67e1-40e8-9901-f93be24dd4e9,51d985b2-fe69-4085-a68b-3420ef6a21f5,M,,71.882,100.076,102.108,,"2026-09-12 19:08:27.46885+00",100100434427698
4f497793-c4e0-4b18-927d-3b470ec6e0b2,8a81117f-67e1-40e8-9901-f93be24dd4e9,0f6527bc-c958-4660-bcd3-a769a5612c0c,M,103.886,,,67.056,,"2026-09-12 19:11:22.78932+00",100100430685063
ea3e0a05-e59d-493f-b8df-7601b1b0927c,8a81117f-67e1-40e8-9901-f93be24dd4e9,0f6527bc-c958-4660-bcd3-a769a5612c0c,XXL,124.968,,,72.898,,"2026-09-12 19:11:23.608896+00",100100430687149
190119fc-2b91-4c6b-b378-8df84e698826,8a81117f-67e1-40e8-9901-f93be24dd4e9,91ef1641-e5a5-4287-82b5-85fcb4d6ac3a,M,99.568,,,64.008,,"2026-09-12 19:11:25.250099+00",100100143038918
285923cb-9d6e-4125-a574-ecfcfe392c35,8a81117f-67e1-40e8-9901-f93be24dd4e9,fedc1d18-b38f-4d65-899c-2b6da6f85966,S,107.95,,,67.056,,"2026-09-12 19:11:26.096258+00",100100661770593
92eda190-6963-4ae6-8fe7-82a53c3d534a,8a81117f-67e1-40e8-9901-f93be24dd4e9,fedc1d18-b38f-4d65-899c-2b6da6f85966,XL,128.016,,,72.898,,"2026-09-12 19:11:26.908245+00",100100661775643
c68ea09c-030a-42fa-a8e9-5af8fd8a7563,8a81117f-67e1-40e8-9901-f93be24dd4e9,e47866be-a149-4798-a067-6b2b75ad3cb9,L,116.078,,,69.088,,"2026-09-12 19:11:27.836467+00",100100476789904
733245a0-6d38-4ebe-b4c1-f67ee8dc20ab,8a81117f-67e1-40e8-9901-f93be24dd4e9,fde5aaf7-73ab-416a-8f8d-e3c606ba4390,10,80.01,,,40.386,,"2026-09-12 19:08:25.530817+00",100100361609787
f02ebe37-2f24-41a6-b89c-2c93c1250fec,8a81117f-67e1-40e8-9901-f93be24dd4e9,0f6527bc-c958-4660-bcd3-a769a5612c0c,L,108.966,,,69.088,,"2026-09-12 19:11:23.059332+00",100100430680735
f53fb3c6-32dd-48c7-a378-be71064b68bb,8a81117f-67e1-40e8-9901-f93be24dd4e9,91ef1641-e5a5-4287-82b5-85fcb4d6ac3a,L,105.41,,,66.04,,"2026-09-12 19:11:25.528961+00",100100143039529
0fc3bfda-c83b-4e94-8df4-19cc33f29437,8a81117f-67e1-40e8-9901-f93be24dd4e9,fedc1d18-b38f-4d65-899c-2b6da6f85966,M,114.046,,,69.088,,"2026-09-12 19:11:26.365821+00",100100661772350
781aa16e-890b-4fb4-a0cd-c7d5999cf4fb,8a81117f-67e1-40e8-9901-f93be24dd4e9,e47866be-a149-4798-a067-6b2b75ad3cb9,S,103.886,,,65.024,,"2026-09-12 19:11:27.193577+00",100100476785682
42e6d134-5548-47a8-b457-c8f96220d17b,8a81117f-67e1-40e8-9901-f93be24dd4e9,e47866be-a149-4798-a067-6b2b75ad3cb9,XL,123.952,,,71.12,,"2026-09-12 19:11:28.113324+00",100100476780275
c8658122-482c-471c-9a62-4e85d9b44b01,8a81117f-67e1-40e8-9901-f93be24dd4e9,9732411e-a071-43ba-be34-c4a4223b2d9f,S,,,,,,"2026-09-13 05:34:57.081942+00",100400152479120
61cebaef-2de1-497d-8f57-05d5f8e1a6df,8a81117f-67e1-40e8-9901-f93be24dd4e9,afd795cd-088c-4f39-b0f9-41990a6f1374,S,,,,,,"2026-09-13 05:35:00.083755+00",100400152471586
a1ce1c10-ff3f-4f30-a346-63dfab06ad5b,8a81117f-67e1-40e8-9901-f93be24dd4e9,660a47d6-f022-442a-8002-f088ad47380a,S,,,,,,"2026-09-13 05:35:05.060318+00",100400152479388
dd3f4182-1c69-4069-8d06-76edc0f52a3b,8a81117f-67e1-40e8-9901-f93be24dd4e9,f2358dba-dfcb-4d4a-9ce5-51fdbf9d10e2,S,,,,,,"2026-09-13 05:35:08.510146+00",100400152479028
ef1e19db-9f22-4059-b95c-120b5809fb23,8a81117f-67e1-40e8-9901-f93be24dd4e9,ed30306b-164e-418c-a9b7-64ab5bf7afe0,S,,,,,,"2026-09-13 05:35:11.632643+00",100400152472501
4dd67247-7239-4dac-9810-74adc8f76035,8a81117f-67e1-40e8-9901-f93be24dd4e9,673c113f-9dcc-40a3-b87b-68020b7f8a41,S,,,,,,"2026-09-13 05:35:14.34435+00",100400152476665
4dfa7ede-5502-475f-87ce-9e3007abd9d2,8a81117f-67e1-40e8-9901-f93be24dd4e9,57247bd7-113d-4654-8ed4-d8e0308096a8,S,,,,,,"2026-09-13 05:35:17.581724+00",100400152475130
45a411aa-64cd-404f-8c34-1b504c787335,8a81117f-67e1-40e8-9901-f93be24dd4e9,6254ad07-4730-46f6-9e72-751893290830,S,,,,,,"2026-09-13 05:35:20.665169+00",100400152471153
0afd2733-d8a2-47a0-b418-f5855940b244,8a81117f-67e1-40e8-9901-f93be24dd4e9,2673e163-1f47-48ac-ba78-6a9ec1ef5011,XS,,60.452,,33.782,,"2026-09-13 05:38:02.850894+00",100100940721934
47de8604-07f1-4fe8-bbcb-861abf4df45f,8a81117f-67e1-40e8-9901-f93be24dd4e9,2673e163-1f47-48ac-ba78-6a9ec1ef5011,S,,65.278,,36.068,,"2026-09-13 05:38:03.127687+00",100100940722771
c3f86412-5011-4d9c-8fa9-2c2ce39505cf,8a81117f-67e1-40e8-9901-f93be24dd4e9,2673e163-1f47-48ac-ba78-6a9ec1ef5011,M,,70.358,,38.608,,"2026-09-13 05:38:03.396975+00",100100940723284
1c35fd86-359c-4003-a8a6-092de848f5d6,8a81117f-67e1-40e8-9901-f93be24dd4e9,2673e163-1f47-48ac-ba78-6a9ec1ef5011,L,,75.184,,41.148,,"2026-09-13 05:38:03.839192+00",100100940724608
24b6236d-19c6-4a7b-ba69-f8be326de90b,8a81117f-67e1-40e8-9901-f93be24dd4e9,2673e163-1f47-48ac-ba78-6a9ec1ef5011,XL,,81.28,,44.196,,"2026-09-13 05:38:04.14862+00",100100940725004
78974bdc-a042-4711-b639-c901568534f4,8a81117f-67e1-40e8-9901-f93be24dd4e9,2673e163-1f47-48ac-ba78-6a9ec1ef5011,XXL,,87.122,,46.99,,"2026-09-13 05:38:04.417344+00",100100940726727
a2ce7b66-84f6-49a3-a84f-b6ff627af83d,8a81117f-67e1-40e8-9901-f93be24dd4e9,ae7f45d8-cfea-4d22-b8c7-73c5dd966556,S,88.9,95.25,68.58,,,"2026-09-13 05:38:05.92396+00",100100738529608
274a82e3-61a1-4492-b0c0-4545349dc97d,8a81117f-67e1-40e8-9901-f93be24dd4e9,ae7f45d8-cfea-4d22-b8c7-73c5dd966556,M,93.98,100.33,73.66,,,"2026-09-13 05:38:06.197735+00",100100738521018
931dffb1-287c-4e88-8357-9d16fe3450aa,8a81117f-67e1-40e8-9901-f93be24dd4e9,ae7f45d8-cfea-4d22-b8c7-73c5dd966556,L,101.854,107.95,81.28,,,"2026-09-13 05:38:06.497706+00",100100738521112
8c8701e7-76b8-43d2-88bd-2fce6bf2b16a,8a81117f-67e1-40e8-9901-f93be24dd4e9,ae7f45d8-cfea-4d22-b8c7-73c5dd966556,XL,109.982,115.57,88.9,,,"2026-09-13 05:38:06.853876+00",100100738521291
e4e4e2b1-757a-4d7f-9f3f-566a270b726f,8a81117f-67e1-40e8-9901-f93be24dd4e9,cb32aaae-1d5e-4154-b947-466ae5e84594,S,88.9,95.25,68.58,,,"2026-09-13 05:38:08.482335+00",100100738521346
18376a36-4824-450e-b3ab-f8cc0f961c1c,8a81117f-67e1-40e8-9901-f93be24dd4e9,cb32aaae-1d5e-4154-b947-466ae5e84594,M,93.98,100.33,73.66,,,"2026-09-13 05:38:08.760191+00",100100738521425
2f8cd867-d3b4-42dd-8f84-9a98b928cc08,8a81117f-67e1-40e8-9901-f93be24dd4e9,cb32aaae-1d5e-4154-b947-466ae5e84594,L,101.854,107.95,81.28,,,"2026-09-13 05:38:09.03985+00",100100738521573
8d3ee530-0959-4028-a113-b8466900eb26,8a81117f-67e1-40e8-9901-f93be24dd4e9,cb32aaae-1d5e-4154-b947-466ae5e84594,XL,109.982,115.57,88.9,,,"2026-09-13 05:38:09.317097+00",100100738521624
6f91cc56-eb8a-4751-aff2-808d34085375,8a81117f-67e1-40e8-9901-f93be24dd4e9,e63b6835-6272-4a33-ac1f-c027f64d78b1,M,,65.9892,103.9876,105.9942,,"2026-09-13 05:38:10.932161+00",100100582022597
e82aecba-04ff-4803-bcc2-804ef3066a82,8a81117f-67e1-40e8-9901-f93be24dd4e9,e63b6835-6272-4a33-ac1f-c027f64d78b1,L,,72.009,110.0074,107.0102,,"2026-09-13 05:38:11.214071+00",100100582023093
39c71956-e50f-4f36-8878-75acb0ac421d,8a81117f-67e1-40e8-9901-f93be24dd4e9,e63b6835-6272-4a33-ac1f-c027f64d78b1,XL,,78.0034,116.0018,108.0008,,"2026-09-13 05:38:11.49272+00",100100582024030
4051531d-edd7-4c51-8fd7-8e12360586cd,8a81117f-67e1-40e8-9901-f93be24dd4e9,e972f271-6940-49c3-a11b-714885b1c8da,S,,66.04,98.044,,,"2026-09-13 05:38:12.840929+00",100100706719051
85d7afdb-e8cb-4b71-97fa-309de42007b6,8a81117f-67e1-40e8-9901-f93be24dd4e9,e972f271-6940-49c3-a11b-714885b1c8da,M,,70.104,102.108,,,"2026-09-13 05:38:13.120372+00",100100706711010
67853528-0082-4d4a-b3be-252136f269a0,8a81117f-67e1-40e8-9901-f93be24dd4e9,e972f271-6940-49c3-a11b-714885b1c8da,L,,73.914,105.918,,,"2026-09-13 05:38:13.385691+00",100100706711117
c3fd6d12-1792-470a-aced-9eb14f9f3988,8a81117f-67e1-40e8-9901-f93be24dd4e9,e972f271-6940-49c3-a11b-714885b1c8da,XL,,77.978,109.982,,,"2026-09-13 05:38:13.717541+00",100100706711272
633002d3-e960-4744-bf5e-ebdd6f13dddb,8a81117f-67e1-40e8-9901-f93be24dd4e9,6fe1d05a-f274-45dc-9710-5c90d46d6c90,S,,66.04,98.044,,,"2026-09-13 05:38:15.057889+00",100100706711166
14cee618-0eb7-4f10-bfa3-62a8104e4331,8a81117f-67e1-40e8-9901-f93be24dd4e9,6fe1d05a-f274-45dc-9710-5c90d46d6c90,M,,70.104,102.108,,,"2026-09-13 05:38:15.332845+00",100100706712824
955c74c9-76b0-445e-91e8-841383153157,8a81117f-67e1-40e8-9901-f93be24dd4e9,6fe1d05a-f274-45dc-9710-5c90d46d6c90,L,,73.914,105.918,,,"2026-09-13 05:38:15.615809+00",100100706713138
923507b6-3661-4dd5-b0c3-c17a6ebb9072,8a81117f-67e1-40e8-9901-f93be24dd4e9,6fe1d05a-f274-45dc-9710-5c90d46d6c90,XL,,77.978,109.982,,,"2026-09-13 05:38:15.888896+00",100100706714639
65d822d6-f7d3-4ac8-8dad-7a06d2a2d7c8,8a81117f-67e1-40e8-9901-f93be24dd4e9,0177b1fb-cf3d-4b59-8c8a-6a2aa821e1ff,S,,66.04,98.044,,,"2026-09-13 05:38:17.27062+00",100100706715310
336f7f67-827f-4a0a-8ac2-32d182dd4942,8a81117f-67e1-40e8-9901-f93be24dd4e9,0177b1fb-cf3d-4b59-8c8a-6a2aa821e1ff,M,,70.104,102.108,,,"2026-09-13 05:38:17.555463+00",100100706716352
dacab198-6cf0-4f8f-8023-3403d3714980,8a81117f-67e1-40e8-9901-f93be24dd4e9,0177b1fb-cf3d-4b59-8c8a-6a2aa821e1ff,L,,73.914,105.918,,,"2026-09-13 05:38:17.823142+00",100100706717027
4f6187fa-123c-4e8f-90ae-d4daa56234a3,8a81117f-67e1-40e8-9901-f93be24dd4e9,0177b1fb-cf3d-4b59-8c8a-6a2aa821e1ff,XL,,77.978,109.982,,,"2026-09-13 05:38:18.100482+00",100100706718458
0ea285fa-27f5-4e16-b932-afc53025fd22,8a81117f-67e1-40e8-9901-f93be24dd4e9,50a6e63f-4a49-4e79-bb95-808c98a65a11,M,96.52,78.74,,,,"2026-09-13 05:38:19.707843+00",100100306812830
812a37d9-6b22-464d-9f9b-83a91b6b85e6,8a81117f-67e1-40e8-9901-f93be24dd4e9,50a6e63f-4a49-4e79-bb95-808c98a65a11,L,101.6,83.82,,,,"2026-09-13 05:38:19.972575+00",100100306813172
1e05ecf9-7c7e-4292-9502-e2be8dd186ce,8a81117f-67e1-40e8-9901-f93be24dd4e9,50a6e63f-4a49-4e79-bb95-808c98a65a11,XL,106.68,88.9,,,,"2026-09-13 05:38:20.23663+00",100100306814592
e1aeec3b-08ae-4d1f-81d3-4786b37333ee,8a81117f-67e1-40e8-9901-f93be24dd4e9,fbfa2e08-f448-4222-9e3e-72b5a60477bc,M,,76.2,101.6,,,"2026-09-13 05:38:21.865766+00",100100133192687
378c4c6e-91d6-4433-bbfb-eb4c9f4e5960,8a81117f-67e1-40e8-9901-f93be24dd4e9,fbfa2e08-f448-4222-9e3e-72b5a60477bc,L,,81.28,106.68,,,"2026-09-13 05:38:22.132763+00",100100133193524
d9ebb1ba-0992-402d-8c0c-9a467cc491c8,8a81117f-67e1-40e8-9901-f93be24dd4e9,fbfa2e08-f448-4222-9e3e-72b5a60477bc,XL,,88.9,114.3,,,"2026-09-13 05:38:22.408786+00",100100133194904
d439c8c4-c9b6-4b16-b918-af0cbbbfb449,8a81117f-67e1-40e8-9901-f93be24dd4e9,c149b3de-7b24-4524-b3ed-38000b6ec1f2,M,43.942,,,59.436,,"2026-09-12 19:11:10.044458+00",100400911320338
a7f68c2b-6115-489e-b075-e08646d2c1be,8a81117f-67e1-40e8-9901-f93be24dd4e9,a3b3c358-a6bd-4d2e-8fce-7e35fe366ca6,XSS,,,66.04,,,"2026-09-13 05:38:44.764351+00",100100609339784
479654b4-ccfe-4238-91e1-37d1fc3acfe0,8a81117f-67e1-40e8-9901-f93be24dd4e9,a3b3c358-a6bd-4d2e-8fce-7e35fe366ca6,ML,,,75.946,,,"2026-09-13 05:38:45.028637+00",100100609339138
9b6ebcc1-9b0d-43f1-8eae-24af562eb92a,8a81117f-67e1-40e8-9901-f93be24dd4e9,a3b3c358-a6bd-4d2e-8fce-7e35fe366ca6,XL2XL,,,88.9,,,"2026-09-13 05:38:45.294735+00",100100609336757
d9a9975e-08ab-4f3a-afde-e8190f84a3bd,8a81117f-67e1-40e8-9901-f93be24dd4e9,a3b3c358-a6bd-4d2e-8fce-7e35fe366ca6,XXXL,,,102.108,,,"2026-09-13 05:38:45.560902+00",100100609339250
d7caced9-b042-4473-b392-dbf1593006bc,8a81117f-67e1-40e8-9901-f93be24dd4e9,a3b3c358-a6bd-4d2e-8fce-7e35fe366ca6,4XL,,,115.062,,,"2026-09-13 05:38:46.061112+00",100100609335875
0c20aab4-7177-41aa-b164-484a67265858,8a81117f-67e1-40e8-9901-f93be24dd4e9,a3b3c358-a6bd-4d2e-8fce-7e35fe366ca6,5XL,,,129.032,,,"2026-09-13 05:38:46.334238+00",100100609339405
5acb1b6e-5a60-4e4a-ade6-c821ac36e92e,8a81117f-67e1-40e8-9901-f93be24dd4e9,a3b3c358-a6bd-4d2e-8fce-7e35fe366ca6,6XL,,,143.002,,,"2026-09-13 05:38:46.613117+00",100100609339362
d6c40193-a882-4d98-bcb7-f71e0c9602d1,8a81117f-67e1-40e8-9901-f93be24dd4e9,5d2ee61c-ef04-467d-ba9b-28e559289a2c,XSS,,,66.04,,,"2026-09-13 05:38:47.988766+00",100100609331291
0b18261f-e372-4b0b-abf3-7bc4a6f4132e,8a81117f-67e1-40e8-9901-f93be24dd4e9,5d2ee61c-ef04-467d-ba9b-28e559289a2c,ML,,,75.946,,,"2026-09-13 05:38:48.263826+00",100100609332402
241e41ef-e5a3-4ce8-b66b-33c7265d5efc,8a81117f-67e1-40e8-9901-f93be24dd4e9,5d2ee61c-ef04-467d-ba9b-28e559289a2c,XL2XL,,,88.9,,,"2026-09-13 05:38:48.560927+00",100100609336283
dfe82035-b9f0-4b5d-a637-2ec5124c1c28,8a81117f-67e1-40e8-9901-f93be24dd4e9,c20d768c-e58f-4118-9f83-c4199389d9b6,M,102.108,,,61.976,,"2026-09-12 19:08:30.133868+00",100100634042113
77a4fa9d-ad8f-4819-b9ba-b90391ad185d,8a81117f-67e1-40e8-9901-f93be24dd4e9,91ef1641-e5a5-4287-82b5-85fcb4d6ac3a,S,93.472,,,61.976,,"2026-09-12 19:11:24.972851+00",100100143037371
00f38451-962f-4439-a71a-fb7e74e25abc,8a81117f-67e1-40e8-9901-f93be24dd4e9,91ef1641-e5a5-4287-82b5-85fcb4d6ac3a,XL,113.538,,,68.072,,"2026-09-12 19:11:25.81227+00",100100143033530
a1a23bc8-9143-4b94-bafd-82b8e40094a3,8a81117f-67e1-40e8-9901-f93be24dd4e9,fedc1d18-b38f-4d65-899c-2b6da6f85966,L,119.888,,,71.12,,"2026-09-12 19:11:26.641678+00",100100661777815
95dc901a-2082-40bf-895b-6914b7e19ee4,8a81117f-67e1-40e8-9901-f93be24dd4e9,e47866be-a149-4798-a067-6b2b75ad3cb9,M,109.982,,,67.056,,"2026-09-12 19:11:27.564355+00",100100476786463
3561dd28-34d1-4534-8b6e-43fbd8449975,8a81117f-67e1-40e8-9901-f93be24dd4e9,e97987be-f966-456f-85bf-097b4c7e1f06,S,,68.072,96.012,100.076,,"2026-09-12 19:08:26.371677+00",100100434420294
20abe2ec-e06b-4495-954b-2cb639918b65,8a81117f-67e1-40e8-9901-f93be24dd4e9,4172c74d-a177-4de6-aa54-b21b4222f48d,XS,85.09,66.04,,,,"2026-09-12 19:11:31.825784+00",100100161681421
87c81cbc-e48b-4f77-a8c0-8462f0941bce,8a81117f-67e1-40e8-9901-f93be24dd4e9,5d2ee61c-ef04-467d-ba9b-28e559289a2c,XXXL,,,102.108,,,"2026-09-13 05:38:48.839733+00",100100609331059
c9b50c7d-8197-4d36-9569-d18b3abb9ab1,8a81117f-67e1-40e8-9901-f93be24dd4e9,5d2ee61c-ef04-467d-ba9b-28e559289a2c,4XL,,,115.062,,,"2026-09-13 05:38:49.120332+00",100100609333141
e01fbaee-520f-4631-9dc3-af013a1b02b9,8a81117f-67e1-40e8-9901-f93be24dd4e9,5d2ee61c-ef04-467d-ba9b-28e559289a2c,5XL,,,129.032,,,"2026-09-13 05:38:49.407692+00",100100609337397
64bd75bc-bbc9-4b79-963c-4176323347f6,8a81117f-67e1-40e8-9901-f93be24dd4e9,5d2ee61c-ef04-467d-ba9b-28e559289a2c,6XL,,,143.002,,,"2026-09-13 05:38:49.698465+00",100100609335913
d1e67b88-bdef-45ea-9487-65c0befc1616,8a81117f-67e1-40e8-9901-f93be24dd4e9,03cc4125-1297-47fd-9857-815ce1b805a9,XSS,,,66.04,,,"2026-09-13 05:38:51.059398+00",100100609334223
30644625-d1a5-4a69-8036-3be5a599e3c8,8a81117f-67e1-40e8-9901-f93be24dd4e9,03cc4125-1297-47fd-9857-815ce1b805a9,ML,,,75.946,,,"2026-09-13 05:38:51.325391+00",100100609339995
09447902-ea2b-4d01-b41e-edf486c255c0,8a81117f-67e1-40e8-9901-f93be24dd4e9,03cc4125-1297-47fd-9857-815ce1b805a9,XL2XL,,,88.9,,,"2026-09-13 05:38:51.601979+00",100100609330720
2c72cf7b-f0fd-4dd7-a114-183a8a0768f1,8a81117f-67e1-40e8-9901-f93be24dd4e9,03cc4125-1297-47fd-9857-815ce1b805a9,XXXL,,,102.108,,,"2026-09-13 05:38:51.865721+00",100100609338996
188fb94b-bfff-4920-81ad-4e047c5566e7,8a81117f-67e1-40e8-9901-f93be24dd4e9,03cc4125-1297-47fd-9857-815ce1b805a9,4XL,,,115.062,,,"2026-09-13 05:38:52.132817+00",100100609336502
aea14b47-beae-4914-acda-ce8431b2f4ee,8a81117f-67e1-40e8-9901-f93be24dd4e9,03cc4125-1297-47fd-9857-815ce1b805a9,5XL,,,129.032,,,"2026-09-13 05:38:52.401028+00",100100609339014
b98fcc90-f720-4ab0-8520-09d8adba9127,8a81117f-67e1-40e8-9901-f93be24dd4e9,03cc4125-1297-47fd-9857-815ce1b805a9,6XL,,,143.002,,,"2026-09-13 05:38:52.673993+00",100100609333705
49258b67-3295-4a18-8ccd-ccb3105c15e2,8a81117f-67e1-40e8-9901-f93be24dd4e9,8c7b68c0-00bc-49f6-9382-5c8c3925c9e7,XSS,,,66.04,,,"2026-09-13 05:38:54.053248+00",100100609332727
412316d2-c904-4cfb-a886-a5cfb6da5614,8a81117f-67e1-40e8-9901-f93be24dd4e9,8c7b68c0-00bc-49f6-9382-5c8c3925c9e7,ML,,,75.946,,,"2026-09-13 05:38:54.318718+00",100100609336062
29100b47-02ef-4001-9d2c-483ca96f23c7,8a81117f-67e1-40e8-9901-f93be24dd4e9,8c7b68c0-00bc-49f6-9382-5c8c3925c9e7,XXXL,,,102.108,,,"2026-09-13 05:38:54.584565+00",100100609337975
9be2615d-4951-4028-beb1-7ae4f53d588b,8a81117f-67e1-40e8-9901-f93be24dd4e9,8c7b68c0-00bc-49f6-9382-5c8c3925c9e7,4XL,,,115.062,,,"2026-09-13 05:38:54.850998+00",100100609339818
6e047c7d-971c-4eae-8d30-9ab919f7799a,8a81117f-67e1-40e8-9901-f93be24dd4e9,8c7b68c0-00bc-49f6-9382-5c8c3925c9e7,5XL,,,129.032,,,"2026-09-13 05:38:55.129183+00",100100609330391
864e4bd3-448d-470f-99ba-9b367c0c7698,8a81117f-67e1-40e8-9901-f93be24dd4e9,8c7b68c0-00bc-49f6-9382-5c8c3925c9e7,6XL,,,143.002,,,"2026-09-13 05:38:55.39153+00",100100609334989
a004cc20-99ff-49c8-beab-ba8b35634240,8a81117f-67e1-40e8-9901-f93be24dd4e9,8c7b68c0-00bc-49f6-9382-5c8c3925c9e7,XL2XL,,,88.9,,,"2026-09-13 05:38:55.664488+00",
d5baea8d-d8d6-428a-ad83-6ba77660fdf2,8a81117f-67e1-40e8-9901-f93be24dd4e9,8c7b68c0-00bc-49f6-9382-5c8c3925c9e7,XL,,,,,,"2026-09-13 05:38:55.935871+00",100100609338758
e75991d0-0b97-407d-920f-253c0d14541c,8a81117f-67e1-40e8-9901-f93be24dd4e9,b5117198-de79-48b8-9d2a-f2d22e58df46,XSS,,,66.04,,,"2026-09-13 05:38:57.27392+00",100100609335162
2b6c7e38-29e5-41b9-9afa-c3668cee680f,8a81117f-67e1-40e8-9901-f93be24dd4e9,b5117198-de79-48b8-9d2a-f2d22e58df46,ML,,,75.946,,,"2026-09-13 05:38:57.536883+00",100100609332841
51b127a9-8c92-4ed9-b0cd-ad06cf650ae2,8a81117f-67e1-40e8-9901-f93be24dd4e9,b5117198-de79-48b8-9d2a-f2d22e58df46,XL2XL,,,88.9,,,"2026-09-13 05:38:57.807827+00",100100609334237
5a657be3-877d-4b08-8b01-5c31b42fa3f5,8a81117f-67e1-40e8-9901-f93be24dd4e9,b5117198-de79-48b8-9d2a-f2d22e58df46,XXXL,,,102.108,,,"2026-09-13 05:38:58.071076+00",100100609338346
f0b9ba09-6d0a-4077-ae1b-9708857da9ee,8a81117f-67e1-40e8-9901-f93be24dd4e9,b5117198-de79-48b8-9d2a-f2d22e58df46,4XL,,,115.062,,,"2026-09-13 05:38:58.350665+00",100100609332527
0667334f-1a0c-4744-b782-97d99dc6d557,8a81117f-67e1-40e8-9901-f93be24dd4e9,b5117198-de79-48b8-9d2a-f2d22e58df46,5XL,,,129.032,,,"2026-09-13 05:38:58.61286+00",100100609338034
70024ead-42de-42c8-9494-d76482cefa6b,8a81117f-67e1-40e8-9901-f93be24dd4e9,b5117198-de79-48b8-9d2a-f2d22e58df46,6XL,,,143.002,,,"2026-09-13 05:38:58.89814+00",100100609338891
30db616c-cc04-4457-ac79-e239c8e96b0a,8a81117f-67e1-40e8-9901-f93be24dd4e9,1921f0cb-5144-4892-bc11-c31681894360,M,,68.072,87.884,34.036,,"2026-09-13 05:39:00.274526+00",100400937236163
ed8fbe1b-13c8-487e-b96a-aafa4d77d11e,8a81117f-67e1-40e8-9901-f93be24dd4e9,1921f0cb-5144-4892-bc11-c31681894360,L,,71.882,91.948,35.052,,"2026-09-13 05:39:00.810171+00",100400937235191
16e9db14-115b-4450-abd1-93a5bf555eba,8a81117f-67e1-40e8-9901-f93be24dd4e9,1921f0cb-5144-4892-bc11-c31681894360,XL,,75.946,96.012,36.068,,"2026-09-13 05:39:01.554398+00",100400937237916
7c352bc3-cef7-45cf-88e1-e4a34f02c6c7,8a81117f-67e1-40e8-9901-f93be24dd4e9,1921f0cb-5144-4892-bc11-c31681894360,XXL,,80.01,100.076,37.084,,"2026-09-13 05:39:02.201042+00",100400937232399
4aba53ae-f0e2-4f6e-b1d5-5e3bac28382f,8a81117f-67e1-40e8-9901-f93be24dd4e9,89204375-aca7-4fe5-8391-ac16bf2ab733,M,,68.072,87.884,34.036,,"2026-09-13 05:39:04.674983+00",100400937238609
da359ce0-84fd-4b40-89e0-5b028e72d2d2,8a81117f-67e1-40e8-9901-f93be24dd4e9,89204375-aca7-4fe5-8391-ac16bf2ab733,L,,71.882,91.948,35.052,,"2026-09-13 05:39:04.951279+00",100400937235473
784bfa73-0b19-417c-8e22-ad81fa23a2e4,8a81117f-67e1-40e8-9901-f93be24dd4e9,89204375-aca7-4fe5-8391-ac16bf2ab733,XL,,75.946,96.012,36.068,,"2026-09-13 05:39:05.23048+00",100400937239831
4b848102-b3bd-48f7-9b2f-287ff344c7d5,8a81117f-67e1-40e8-9901-f93be24dd4e9,89204375-aca7-4fe5-8391-ac16bf2ab733,XXL,,80.01,100.076,37.084,,"2026-09-13 05:39:05.496527+00",100400937234072
b13f0a8e-ecd4-455c-ba6d-9a9b04b1bf3a,8a81117f-67e1-40e8-9901-f93be24dd4e9,e2e81a07-2ba5-472e-ae49-0c7f59ef3f95,M,,68.072,87.884,34.036,,"2026-09-13 05:39:06.899154+00",100400937239068
67e431a9-36ad-4e3a-af10-48b581b3ea8a,8a81117f-67e1-40e8-9901-f93be24dd4e9,e2e81a07-2ba5-472e-ae49-0c7f59ef3f95,L,,71.882,91.948,35.052,,"2026-09-13 05:39:07.169618+00",100400937237474
86deacc9-9827-43a7-9414-b5654c8b9bd1,8a81117f-67e1-40e8-9901-f93be24dd4e9,e2e81a07-2ba5-472e-ae49-0c7f59ef3f95,XL,,75.946,96.012,36.068,,"2026-09-13 05:39:07.43373+00",100400937234680
8f11a867-51bc-4ccd-a786-90f902f6d457,8a81117f-67e1-40e8-9901-f93be24dd4e9,e2e81a07-2ba5-472e-ae49-0c7f59ef3f95,XXL,,80.01,100.076,37.084,,"2026-09-13 05:39:07.716421+00",100400937234550
04239878-ec11-4d5c-9b49-cc8f220c6b31,8a81117f-67e1-40e8-9901-f93be24dd4e9,469227b5-2529-417c-a4ea-cad8ecd62afb,XL,130.048,,,55.118,,"2026-09-12 19:11:19.367873+00",100100480913365
52e85621-13b4-44f1-b2b7-1935a096d230,8a81117f-67e1-40e8-9901-f93be24dd4e9,045a09ab-5efc-442c-8df1-6d385c7392ad,S,,78.74,78.74,,,"2026-09-13 05:39:31.957638+00",100100181911570
25992185-b829-4663-8ff6-3b7e1c4f479a,8a81117f-67e1-40e8-9901-f93be24dd4e9,045a09ab-5efc-442c-8df1-6d385c7392ad,M,,78.74,104.14,,,"2026-09-13 05:39:32.219688+00",100100181912364
9cee2810-55c1-42ae-9fe7-167c47156004,8a81117f-67e1-40e8-9901-f93be24dd4e9,045a09ab-5efc-442c-8df1-6d385c7392ad,L,,78.74,104.14,,,"2026-09-13 05:39:32.487803+00",100100181913265
df657aaa-8c3f-4e52-9423-2603cd377e4e,8a81117f-67e1-40e8-9901-f93be24dd4e9,b30c9efc-b42d-426e-a745-43342b496bd0,S,,78.74,78.74,,,"2026-09-13 05:39:33.972258+00",100100167891647
1b371ef5-261b-46c2-bbf7-a81386c94eb7,8a81117f-67e1-40e8-9901-f93be24dd4e9,b30c9efc-b42d-426e-a745-43342b496bd0,M,,78.74,104.14,,,"2026-09-13 05:39:34.242693+00",100100167892411
833fde33-1466-4a19-92aa-ff7dc96a410b,8a81117f-67e1-40e8-9901-f93be24dd4e9,b30c9efc-b42d-426e-a745-43342b496bd0,L,,78.74,104.14,,,"2026-09-13 05:39:34.512725+00",100100167893575
2d03ebe5-6589-4329-bd8e-5945001780da,8a81117f-67e1-40e8-9901-f93be24dd4e9,0f6527bc-c958-4660-bcd3-a769a5612c0c,XL,117.094,,,71.12,,"2026-09-12 19:11:23.334138+00",100100430684742
f076b34a-4313-4bd6-88c6-391e1bc1779c,8a81117f-67e1-40e8-9901-f93be24dd4e9,59466e49-9a2b-40a5-801e-82bc11955457,S,,98.044,107.95,103.124,,"2026-09-13 05:39:46.99858+00",100100333691444
a76b4d97-5c7a-42d1-b620-cbd8855a834c,8a81117f-67e1-40e8-9901-f93be24dd4e9,59466e49-9a2b-40a5-801e-82bc11955457,M,,102.108,112.014,103.886,,"2026-09-13 05:39:47.283333+00",100100333692040
136e81f8-2b9f-41de-9849-fdefa751dc96,8a81117f-67e1-40e8-9901-f93be24dd4e9,59466e49-9a2b-40a5-801e-82bc11955457,L,,107.95,118.11,104.394,,"2026-09-13 05:39:47.549715+00",100100333693855
d102968a-f5a5-417f-a3c7-9050daf911fc,8a81117f-67e1-40e8-9901-f93be24dd4e9,59466e49-9a2b-40a5-801e-82bc11955457,XL,,114.046,123.952,105.156,,"2026-09-13 05:39:47.813253+00",100100333694642
c7beccb1-e7a7-4119-80fd-fc530e0a04a6,8a81117f-67e1-40e8-9901-f93be24dd4e9,4172c74d-a177-4de6-aa54-b21b4222f48d,S,91.44,71.12,,,,"2026-09-13 05:39:57.300337+00",100100161682898
8924d601-c440-4e7f-bb1f-fe6b12c47b0d,8a81117f-67e1-40e8-9901-f93be24dd4e9,4172c74d-a177-4de6-aa54-b21b4222f48d,M,96.52,76.2,,,,"2026-09-13 05:39:57.564372+00",100100161683667
7a562a34-a9c6-411f-becd-9f3941838420,8a81117f-67e1-40e8-9901-f93be24dd4e9,4172c74d-a177-4de6-aa54-b21b4222f48d,L,101.6,81.28,,,,"2026-09-13 05:39:57.86943+00",100100161684060
7f66e06a-ac93-4756-819e-1cf1a74cf5e8,8a81117f-67e1-40e8-9901-f93be24dd4e9,9364e03b-edfa-44fd-97f2-5bfec7edb729,S,,33.02,84.074,,,"2026-09-13 05:40:34.044591+00",100400815970251
5040694a-6a04-4bd6-8af0-4df9c1f44467,8a81117f-67e1-40e8-9901-f93be24dd4e9,9364e03b-edfa-44fd-97f2-5bfec7edb729,M,,35.052,85.09,,,"2026-09-13 05:40:34.3201+00",100400815976871
0d51bd69-f9a0-4fe5-b495-9c74708f0756,8a81117f-67e1-40e8-9901-f93be24dd4e9,9364e03b-edfa-44fd-97f2-5bfec7edb729,L,,37.084,86.106,,,"2026-09-13 05:40:34.599361+00",100400815970593
24a73436-bb5c-46c4-b40d-5c66da4a8d29,8a81117f-67e1-40e8-9901-f93be24dd4e9,9364e03b-edfa-44fd-97f2-5bfec7edb729,XL,,39.116,87.122,,,"2026-09-13 05:40:34.867296+00",100400815975526
7f685eec-695f-4acd-9515-8398a1f6798c,8a81117f-67e1-40e8-9901-f93be24dd4e9,9364e03b-edfa-44fd-97f2-5bfec7edb729,XXL,,40.894,87.884,,,"2026-09-13 05:40:35.133471+00",100400815974175
ea38a5db-8862-45b7-9bd4-37486e49d222,8a81117f-67e1-40e8-9901-f93be24dd4e9,8b46e81a-d2eb-4143-b5c2-bb6ce7abcee4,4,,52.07,70.104,63.5,,"2026-09-13 05:40:36.514411+00",100100550221945
decf0e62-88cc-4174-8d5a-28e474471cc8,8a81117f-67e1-40e8-9901-f93be24dd4e9,8b46e81a-d2eb-4143-b5c2-bb6ce7abcee4,6,,55.88,73.914,64.516,,"2026-09-13 05:40:36.798576+00",100100550222698
6e7c68ae-7f65-48b9-99e3-95870a79d21b,8a81117f-67e1-40e8-9901-f93be24dd4e9,8b46e81a-d2eb-4143-b5c2-bb6ce7abcee4,8,,59.944,77.978,65.532,,"2026-09-13 05:40:37.071989+00",100100550223958
cc644f96-a9ca-4016-b067-c73cd032cd0e,8a81117f-67e1-40e8-9901-f93be24dd4e9,8b46e81a-d2eb-4143-b5c2-bb6ce7abcee4,10,,64.008,82.042,66.548,,"2026-09-13 05:40:37.354079+00",100100550224357
c171b26d-7547-48d7-923b-d3ebffd5678f,8a81117f-67e1-40e8-9901-f93be24dd4e9,8b46e81a-d2eb-4143-b5c2-bb6ce7abcee4,12,,68.072,86.106,67.564,,"2026-09-13 05:40:37.617418+00",100100550225444
84286a7a-60cd-4dd2-878e-3f9a9e3d2d54,8a81117f-67e1-40e8-9901-f93be24dd4e9,1ea2402f-e6ab-42f0-8eb2-dab2ca0c0f73,4,,52.07,70.104,63.5,,"2026-09-13 05:40:39.013549+00",100100550226555
63bf0f74-0466-4545-b6dd-8dff5313485b,8a81117f-67e1-40e8-9901-f93be24dd4e9,1ea2402f-e6ab-42f0-8eb2-dab2ca0c0f73,6,,55.88,73.914,64.516,,"2026-09-13 05:40:39.288632+00",100100550227253
f8639989-9621-4059-abe2-8cd89cdf6103,8a81117f-67e1-40e8-9901-f93be24dd4e9,1ea2402f-e6ab-42f0-8eb2-dab2ca0c0f73,8,,59.944,77.978,65.532,,"2026-09-13 05:40:39.548965+00",100100550228411
18888712-7049-4caa-abb1-774b2d2d6d92,8a81117f-67e1-40e8-9901-f93be24dd4e9,1ea2402f-e6ab-42f0-8eb2-dab2ca0c0f73,10,,64.008,82.042,66.548,,"2026-09-13 05:40:39.811049+00",100100550229893
cf51714a-664a-4747-aade-b5988c0050f1,8a81117f-67e1-40e8-9901-f93be24dd4e9,1ea2402f-e6ab-42f0-8eb2-dab2ca0c0f73,12,,68.072,86.106,67.564,,"2026-09-13 05:40:40.075046+00",100100550221029
402a5c1e-28d3-48d6-b195-7ef800ad2928,8a81117f-67e1-40e8-9901-f93be24dd4e9,d5d8a82e-51ba-4e1c-b452-35b161245933,4,,52.07,70.104,63.5,,"2026-09-13 05:40:41.434851+00",100100550221144
9c44ea2d-f06c-445b-b2ef-7c0112c8c129,8a81117f-67e1-40e8-9901-f93be24dd4e9,d5d8a82e-51ba-4e1c-b452-35b161245933,6,,55.88,73.914,64.516,,"2026-09-13 05:40:41.702155+00",100100550221276
2ddaa99f-d41c-4921-a356-bf2c7bdb2890,8a81117f-67e1-40e8-9901-f93be24dd4e9,d5d8a82e-51ba-4e1c-b452-35b161245933,8,,59.944,77.978,65.532,,"2026-09-13 05:40:41.979325+00",100100550221303
f760d2d3-030f-428b-9fcd-16d682111b8f,8a81117f-67e1-40e8-9901-f93be24dd4e9,d5d8a82e-51ba-4e1c-b452-35b161245933,10,,64.008,82.042,66.548,,"2026-09-13 05:40:42.260856+00",100100550221422
d6b7ba03-db5f-40cc-9291-fec961b40fdb,8a81117f-67e1-40e8-9901-f93be24dd4e9,d5d8a82e-51ba-4e1c-b452-35b161245933,12,,68.072,86.106,67.564,,"2026-09-13 05:40:42.537885+00",100100550221524
86ba5965-7011-43db-9774-76c0e4a19639,8a81117f-67e1-40e8-9901-f93be24dd4e9,45266b9c-830b-4c1a-9dfb-ac27bb30e1b7,4,,52.07,70.104,63.5,,"2026-09-13 05:40:43.894545+00",100100550221658
1bb5ceb3-d905-41bb-83b1-11cf211a8e75,8a81117f-67e1-40e8-9901-f93be24dd4e9,45266b9c-830b-4c1a-9dfb-ac27bb30e1b7,6,,55.88,73.914,64.516,,"2026-09-13 05:40:44.172943+00",100100550221725
ff1cf1af-0a66-40a4-827b-67120c0b7937,8a81117f-67e1-40e8-9901-f93be24dd4e9,45266b9c-830b-4c1a-9dfb-ac27bb30e1b7,8,,59.944,77.978,65.532,,"2026-09-13 05:40:44.440045+00",100100550221842
bf7c33f7-51ef-43ae-b7cd-e6c368aa2150,8a81117f-67e1-40e8-9901-f93be24dd4e9,45266b9c-830b-4c1a-9dfb-ac27bb30e1b7,10,,64.008,82.042,66.548,,"2026-09-13 05:40:44.70508+00",100100550221972
66918fdd-3b33-41c7-ad3d-01af699425a6,8a81117f-67e1-40e8-9901-f93be24dd4e9,45266b9c-830b-4c1a-9dfb-ac27bb30e1b7,12,,68.072,86.106,67.564,,"2026-09-13 05:40:44.982118+00",100100550222079
7aa57da2-82f7-4a9e-9ebe-bf75384f580a,8a81117f-67e1-40e8-9901-f93be24dd4e9,d4930e83-6920-472f-afcb-068ef58367f2,XS,,66.04,87.63,,,"2026-09-13 05:40:46.328226+00",100100128971137
6d7982ff-58ad-4a7e-898a-cafc66217a7f,8a81117f-67e1-40e8-9901-f93be24dd4e9,d4930e83-6920-472f-afcb-068ef58367f2,S,,71.12,93.98,,,"2026-09-13 05:40:46.593406+00",100100128972180
17aecdfb-2d6c-4c2f-a70c-b311ed84b6a5,8a81117f-67e1-40e8-9901-f93be24dd4e9,d4930e83-6920-472f-afcb-068ef58367f2,M,,76.2,99.06,,,"2026-09-13 05:40:46.864659+00",100100128973396
f8e3a35f-b262-4518-961d-442001fddc36,8a81117f-67e1-40e8-9901-f93be24dd4e9,d4930e83-6920-472f-afcb-068ef58367f2,L,,81.28,104.14,,,"2026-09-13 05:40:47.139634+00",100100128974649
0cc09b21-e887-4eb0-9c43-2e22861d4569,8a81117f-67e1-40e8-9901-f93be24dd4e9,8ce65e0b-de15-47a9-858c-4d30e3fa1419,XXL,,,,,,"2026-09-13 05:40:48.527803+00",CJWY124878913MN
94650d24-79fa-44c5-8d30-267f801941f5,8a81117f-67e1-40e8-9901-f93be24dd4e9,8ce65e0b-de15-47a9-858c-4d30e3fa1419,XXXL,,,,,,"2026-09-13 05:40:48.806927+00",CJWY124878914NM
9ca7a2ba-298a-4e5e-bf49-8daf5bf2b697,8a81117f-67e1-40e8-9901-f93be24dd4e9,8ce65e0b-de15-47a9-858c-4d30e3fa1419,4XL,,,,,,"2026-09-13 05:40:49.086861+00",CJWY124878915OL
c402e5ce-f33c-45d2-8fe0-adf3211993ab,8a81117f-67e1-40e8-9901-f93be24dd4e9,8ce65e0b-de15-47a9-858c-4d30e3fa1419,5XL,,,,,,"2026-09-13 05:40:49.363282+00",CJWY124878916PK
68037cc2-4728-45e4-9455-18a25a6b5b1b,8a81117f-67e1-40e8-9901-f93be24dd4e9,8ce65e0b-de15-47a9-858c-4d30e3fa1419,L,,,,,,"2026-09-13 05:40:49.70814+00",CJWY124878911KP
b79846d7-6fc4-4d9f-a8ce-0e6b00466740,8a81117f-67e1-40e8-9901-f93be24dd4e9,8ce65e0b-de15-47a9-858c-4d30e3fa1419,M,,,,,,"2026-09-13 05:40:50.1449+00",CJWY124878910JQ
1771d985-d004-418d-947e-146a52251b71,8a81117f-67e1-40e8-9901-f93be24dd4e9,8ce65e0b-de15-47a9-858c-4d30e3fa1419,S,,,,,,"2026-09-13 05:40:50.410869+00",CJWY124878909IR
a8033984-ceec-428a-984d-3f1b9d186094,8a81117f-67e1-40e8-9901-f93be24dd4e9,8ce65e0b-de15-47a9-858c-4d30e3fa1419,XL,,,,,,"2026-09-13 05:40:50.67739+00",CJWY124878912LO
1b60dc0c-4893-4be6-80fb-9898ede55fed,8a81117f-67e1-40e8-9901-f93be24dd4e9,f38a9ae7-c421-482e-926a-f50cd7385081,XXL,,,,,,"2026-09-13 05:40:52.163851+00",CJWY124878905EV
f678a608-20e2-486d-9ef0-e87e89e87e24,8a81117f-67e1-40e8-9901-f93be24dd4e9,f38a9ae7-c421-482e-926a-f50cd7385081,XXXL,,,,,,"2026-09-13 05:40:52.442934+00",CJWY124878906FU
af263ad1-2b10-43b5-b342-6120a1c1eb62,8a81117f-67e1-40e8-9901-f93be24dd4e9,f38a9ae7-c421-482e-926a-f50cd7385081,4XL,,,,,,"2026-09-13 05:40:52.725872+00",CJWY124878907GT
dfb919c5-6da4-40ad-9482-8135acd9633f,8a81117f-67e1-40e8-9901-f93be24dd4e9,f38a9ae7-c421-482e-926a-f50cd7385081,5XL,,,,,,"2026-09-13 05:40:53.011047+00",CJWY124878908HS
2036f962-368b-48a8-8cf9-322900062265,8a81117f-67e1-40e8-9901-f93be24dd4e9,f38a9ae7-c421-482e-926a-f50cd7385081,L,,,,,,"2026-09-13 05:40:53.275547+00",CJWY124878903CX
1cc4f45d-69cb-4c31-8223-6e4e9b23e13a,8a81117f-67e1-40e8-9901-f93be24dd4e9,f38a9ae7-c421-482e-926a-f50cd7385081,M,,,,,,"2026-09-13 05:40:53.554051+00",CJWY124878902BY
7e09aaf0-c43b-49a5-86f8-5d30592403b9,8a81117f-67e1-40e8-9901-f93be24dd4e9,f38a9ae7-c421-482e-926a-f50cd7385081,S,,,,,,"2026-09-13 05:40:53.819493+00",CJWY124878901AZ
a234ec98-36c7-49b1-b20c-8c31e2004a11,8a81117f-67e1-40e8-9901-f93be24dd4e9,f38a9ae7-c421-482e-926a-f50cd7385081,XL,,,,,,"2026-09-13 05:40:54.085594+00",CJWY124878904DW
928b37e4-cb27-40b6-8369-125774d3e625,8a81117f-67e1-40e8-9901-f93be24dd4e9,5309ac39-8142-4032-a7c1-14946b791468,XXL,,,,,,"2026-09-13 05:40:55.586044+00",CJWY124878917QJ
c382dc13-41c8-4059-bf34-670d1e83ebc3,8a81117f-67e1-40e8-9901-f93be24dd4e9,5309ac39-8142-4032-a7c1-14946b791468,XXXL,,,,,,"2026-09-13 05:40:55.956438+00",CJWY124878918RI
374e66b8-9509-4365-bc15-d9f9a5d846e1,8a81117f-67e1-40e8-9901-f93be24dd4e9,5309ac39-8142-4032-a7c1-14946b791468,4XL,,,,,,"2026-09-13 05:40:56.27819+00",CJWY124878919SH
64963d29-a82e-403b-a7c4-6fa2dc91fb5c,8a81117f-67e1-40e8-9901-f93be24dd4e9,5309ac39-8142-4032-a7c1-14946b791468,5XL,,,,,,"2026-09-13 05:40:56.576001+00",CJWY124878920TG
92c830ad-51d3-464d-b3ab-a309fc6959f2,8a81117f-67e1-40e8-9901-f93be24dd4e9,5309ac39-8142-4032-a7c1-14946b791468,L,,,,,,"2026-09-13 05:40:56.850052+00",CJWY124878921UF
7526410e-db1e-4b40-85fb-655fd73542d9,8a81117f-67e1-40e8-9901-f93be24dd4e9,5309ac39-8142-4032-a7c1-14946b791468,M,,,,,,"2026-09-13 05:40:57.118623+00",CJWY124878922VE
015084ce-b40c-45be-8205-cbaf922488a4,8a81117f-67e1-40e8-9901-f93be24dd4e9,5309ac39-8142-4032-a7c1-14946b791468,S,,,,,,"2026-09-13 05:40:57.382727+00",CJWY124878923WD
01f2f0dc-a7c9-4ab3-90f8-84246a43498d,8a81117f-67e1-40e8-9901-f93be24dd4e9,5309ac39-8142-4032-a7c1-14946b791468,XL,,,,,,"2026-09-13 05:40:57.651942+00",CJWY124878924XC
4885790c-6357-411e-ad97-dc0c8746b874,8a81117f-67e1-40e8-9901-f93be24dd4e9,9ee8f7b3-e0d4-467c-9466-1f6d4d276a68,XXL,,,,,,"2026-09-13 05:40:59.02044+00",CJWY124878925YB
172b425b-c7f5-4cf3-8399-2ce1a3d03886,8a81117f-67e1-40e8-9901-f93be24dd4e9,9ee8f7b3-e0d4-467c-9466-1f6d4d276a68,XXXL,,,,,,"2026-09-13 05:40:59.286453+00",CJWY124878926ZA
64ac03ef-5f65-4415-9c1b-7de5bf4d509e,8a81117f-67e1-40e8-9901-f93be24dd4e9,9ee8f7b3-e0d4-467c-9466-1f6d4d276a68,4XL,,,,,,"2026-09-13 05:40:59.54951+00",CJWY124878927AZ
2bb32ef0-b8fd-4eb7-9ed4-217857aeeb06,8a81117f-67e1-40e8-9901-f93be24dd4e9,9ee8f7b3-e0d4-467c-9466-1f6d4d276a68,5XL,,,,,,"2026-09-13 05:40:59.828305+00",CJWY124878928BY
08af41c0-ae25-4011-8c6e-2e6840227c3f,8a81117f-67e1-40e8-9901-f93be24dd4e9,9ee8f7b3-e0d4-467c-9466-1f6d4d276a68,L,,,,,,"2026-09-13 05:41:00.113566+00",CJWY124878929CX
58d822d3-6f44-4ec7-bed3-727cfd898644,8a81117f-67e1-40e8-9901-f93be24dd4e9,9ee8f7b3-e0d4-467c-9466-1f6d4d276a68,M,,,,,,"2026-09-13 05:41:00.460247+00",CJWY124878930DW
e56a7e8a-d670-432b-8a19-315fcee7fc1e,8a81117f-67e1-40e8-9901-f93be24dd4e9,9ee8f7b3-e0d4-467c-9466-1f6d4d276a68,S,,,,,,"2026-09-13 05:41:00.932264+00",CJWY124878931EV
4e350802-7cf5-49e4-aee6-a2ebb50801eb,8a81117f-67e1-40e8-9901-f93be24dd4e9,9ee8f7b3-e0d4-467c-9466-1f6d4d276a68,XL,,,,,,"2026-09-13 05:41:01.58529+00",CJWY124878932FU
27e7b145-2a43-46a0-ae88-3f32e7fb9440,8a81117f-67e1-40e8-9901-f93be24dd4e9,f8031fdc-ea16-43b3-8dde-8966e40a7465,XXL,,,,,,"2026-09-13 05:41:03.40398+00",CJWY124878933GT
51b8ea70-3166-40f0-b1f3-4c70e08d70ec,8a81117f-67e1-40e8-9901-f93be24dd4e9,f8031fdc-ea16-43b3-8dde-8966e40a7465,XXXL,,,,,,"2026-09-13 05:41:03.806188+00",CJWY124878934HS
5453e405-6487-497a-86b9-51989efe6d36,8a81117f-67e1-40e8-9901-f93be24dd4e9,f8031fdc-ea16-43b3-8dde-8966e40a7465,4XL,,,,,,"2026-09-13 05:41:04.281702+00",CJWY124878935IR
3bafe28f-ebf2-49a0-98d9-22c488e6bd78,8a81117f-67e1-40e8-9901-f93be24dd4e9,f8031fdc-ea16-43b3-8dde-8966e40a7465,5XL,,,,,,"2026-09-13 05:41:04.564862+00",CJWY124878936JQ
26edf63a-6937-428a-851d-403afb8e08ef,8a81117f-67e1-40e8-9901-f93be24dd4e9,f8031fdc-ea16-43b3-8dde-8966e40a7465,L,,,,,,"2026-09-13 05:41:04.832086+00",CJWY124878937KP
6f37620a-14e5-44a4-a46d-b3c622dbe8af,8a81117f-67e1-40e8-9901-f93be24dd4e9,f8031fdc-ea16-43b3-8dde-8966e40a7465,M,,,,,,"2026-09-13 05:41:05.100135+00",CJWY124878938LO
6bf164db-f7ce-421b-bcc9-688628fb3e29,8a81117f-67e1-40e8-9901-f93be24dd4e9,f8031fdc-ea16-43b3-8dde-8966e40a7465,S,,,,,,"2026-09-13 05:41:05.572399+00",CJWY124878939MN
d941fedd-4165-4eb9-a4e7-a72b093c2a30,8a81117f-67e1-40e8-9901-f93be24dd4e9,f8031fdc-ea16-43b3-8dde-8966e40a7465,XL,,,,,,"2026-09-13 05:41:06.005297+00",CJWY124878940NM
7d92c64e-3ea2-4e3e-9bb2-a4134b2fe0b9,8a81117f-67e1-40e8-9901-f93be24dd4e9,e448c627-549d-45f8-9df6-d3c85cdc0286,XXL,,,,,,"2026-09-13 05:41:07.449703+00",CJWY124878941OL
527c93d4-5130-42e5-9577-554421de6609,8a81117f-67e1-40e8-9901-f93be24dd4e9,e448c627-549d-45f8-9df6-d3c85cdc0286,XXXL,,,,,,"2026-09-13 05:41:07.748622+00",CJWY124878942PK
fa5cbbd8-4731-464b-9272-19515aafcdbb,8a81117f-67e1-40e8-9901-f93be24dd4e9,e448c627-549d-45f8-9df6-d3c85cdc0286,4XL,,,,,,"2026-09-13 05:41:08.041502+00",CJWY124878943QJ
c4700885-4fed-477b-8129-44d9209fe6be,8a81117f-67e1-40e8-9901-f93be24dd4e9,e448c627-549d-45f8-9df6-d3c85cdc0286,5XL,,,,,,"2026-09-13 05:41:08.306701+00",CJWY124878944RI
f086d9c0-6481-4fe2-9f5b-a0bac42f2bbc,8a81117f-67e1-40e8-9901-f93be24dd4e9,e448c627-549d-45f8-9df6-d3c85cdc0286,L,,,,,,"2026-09-13 05:41:08.584239+00",CJWY124878945SH
7dae84f5-26d7-47f4-a352-8da8d67dc921,8a81117f-67e1-40e8-9901-f93be24dd4e9,e448c627-549d-45f8-9df6-d3c85cdc0286,M,,,,,,"2026-09-13 05:41:08.853182+00",CJWY124878946TG
29141195-c6e5-4260-bce3-278e5c645384,8a81117f-67e1-40e8-9901-f93be24dd4e9,e448c627-549d-45f8-9df6-d3c85cdc0286,S,,,,,,"2026-09-13 05:41:09.125467+00",CJWY124878947UF
3b9d2065-0f35-43ed-a6f4-1defd474fb09,8a81117f-67e1-40e8-9901-f93be24dd4e9,e448c627-549d-45f8-9df6-d3c85cdc0286,XL,,,,,,"2026-09-13 05:41:09.3932+00",CJWY124878948VE
e6744caa-5bfa-4712-8fcb-9912195ace37,8a81117f-67e1-40e8-9901-f93be24dd4e9,b28f9639-4e81-42f4-8586-16095af7720b,XXL,,,,,,"2026-09-13 05:41:10.762269+00",CJWY124878949WD
925016d4-31f2-4549-a3ea-3eb5f4bea43f,8a81117f-67e1-40e8-9901-f93be24dd4e9,b28f9639-4e81-42f4-8586-16095af7720b,XXXL,,,,,,"2026-09-13 05:41:11.040668+00",CJWY124878950XC
21113086-1aad-4135-9b73-26f0a983dbb1,8a81117f-67e1-40e8-9901-f93be24dd4e9,b28f9639-4e81-42f4-8586-16095af7720b,4XL,,,,,,"2026-09-13 05:41:11.311818+00",CJWY124878951YB
113fb718-a3f6-47bc-8fa1-91fefd9a6941,8a81117f-67e1-40e8-9901-f93be24dd4e9,b28f9639-4e81-42f4-8586-16095af7720b,5XL,,,,,,"2026-09-13 05:41:11.622331+00",CJWY124878952ZA
f83bdd09-7841-42a8-87b0-4c98a466e7b2,8a81117f-67e1-40e8-9901-f93be24dd4e9,b28f9639-4e81-42f4-8586-16095af7720b,L,,,,,,"2026-09-13 05:41:11.899368+00",CJWY124878953AZ
402cd5ab-0d7e-484b-8e90-f11ff17ecbf9,8a81117f-67e1-40e8-9901-f93be24dd4e9,b28f9639-4e81-42f4-8586-16095af7720b,M,,,,,,"2026-09-13 05:41:12.208913+00",CJWY124878954BY
dabaa3f9-cb39-4185-bfa7-b35e4586ec0d,8a81117f-67e1-40e8-9901-f93be24dd4e9,b28f9639-4e81-42f4-8586-16095af7720b,S,,,,,,"2026-09-13 05:41:12.471973+00",CJWY124878955CX
68c3dd07-db6c-4e01-8be7-b9aaf4659891,8a81117f-67e1-40e8-9901-f93be24dd4e9,b28f9639-4e81-42f4-8586-16095af7720b,XL,,,,,,"2026-09-13 05:41:12.740504+00",CJWY124878956DW
5a0c6d88-fd7f-45e8-b716-16441c6402f3,8a81117f-67e1-40e8-9901-f93be24dd4e9,7c540b24-087d-418f-a9e6-453e123cba09,XXL,,,,,,"2026-09-13 05:41:14.187466+00",CJWY124878957EV
8c4d4a65-00ee-4b90-98ce-06fde4df8f37,8a81117f-67e1-40e8-9901-f93be24dd4e9,7c540b24-087d-418f-a9e6-453e123cba09,XXXL,,,,,,"2026-09-13 05:41:14.452707+00",CJWY124878958FU
dab7fa9d-d328-4f2f-b567-710d4b5acd43,8a81117f-67e1-40e8-9901-f93be24dd4e9,7c540b24-087d-418f-a9e6-453e123cba09,4XL,,,,,,"2026-09-13 05:41:14.721487+00",CJWY124878959GT
5cd84e61-cce3-4d1b-9b94-07e09835a4d3,8a81117f-67e1-40e8-9901-f93be24dd4e9,7c540b24-087d-418f-a9e6-453e123cba09,5XL,,,,,,"2026-09-13 05:41:14.989032+00",CJWY124878960HS
47caffab-d4d6-4e69-a5fa-d0cbc695f2e8,8a81117f-67e1-40e8-9901-f93be24dd4e9,7c540b24-087d-418f-a9e6-453e123cba09,L,,,,,,"2026-09-13 05:41:15.254646+00",CJWY124878961IR
6572ba0f-7684-4e6b-aa4e-0c2677d00839,8a81117f-67e1-40e8-9901-f93be24dd4e9,7c540b24-087d-418f-a9e6-453e123cba09,M,,,,,,"2026-09-13 05:41:15.520192+00",CJWY124878962JQ
5a2c1559-41e4-4607-a357-0d42255939fd,8a81117f-67e1-40e8-9901-f93be24dd4e9,7c540b24-087d-418f-a9e6-453e123cba09,S,,,,,,"2026-09-13 05:41:15.787569+00",CJWY124878963KP
4a7b4f4b-807b-41d3-853a-51404667b6a1,8a81117f-67e1-40e8-9901-f93be24dd4e9,7c540b24-087d-418f-a9e6-453e123cba09,XL,,,,,,"2026-09-13 05:41:16.06408+00",CJWY124878964LO
5dc6f3d7-047d-46fe-9fda-e193f9fa69e2,8a81117f-67e1-40e8-9901-f93be24dd4e9,32015280-35c9-4828-a167-85cebf337ec6,XXL,,,,,,"2026-09-13 05:41:17.462246+00",CJWY124878965MN
fe19abb4-d37f-4dda-a31d-cde30e79e5c9,8a81117f-67e1-40e8-9901-f93be24dd4e9,32015280-35c9-4828-a167-85cebf337ec6,XXXL,,,,,,"2026-09-13 05:41:18.052049+00",CJWY124878966NM
eed0d754-8135-4b81-8427-ec349f68b247,8a81117f-67e1-40e8-9901-f93be24dd4e9,32015280-35c9-4828-a167-85cebf337ec6,4XL,,,,,,"2026-09-13 05:41:18.326875+00",CJWY124878967OL
40300a15-5462-47d7-9b0a-95a64d060596,8a81117f-67e1-40e8-9901-f93be24dd4e9,32015280-35c9-4828-a167-85cebf337ec6,5XL,,,,,,"2026-09-13 05:41:18.591149+00",CJWY124878968PK
7f75dee0-6421-44f1-af0a-f2c28d0b5d9f,8a81117f-67e1-40e8-9901-f93be24dd4e9,32015280-35c9-4828-a167-85cebf337ec6,L,,,,,,"2026-09-13 05:41:18.856737+00",CJWY124878969QJ
6cc38928-5996-429a-ae27-e10225f72eb1,8a81117f-67e1-40e8-9901-f93be24dd4e9,32015280-35c9-4828-a167-85cebf337ec6,M,,,,,,"2026-09-13 05:41:19.137348+00",CJWY124878970RI
d975dd28-3354-4293-9b83-95840cdaf060,8a81117f-67e1-40e8-9901-f93be24dd4e9,32015280-35c9-4828-a167-85cebf337ec6,S,,,,,,"2026-09-13 05:41:19.414802+00",CJWY124878971SH
02ae0de5-c071-4fba-adbe-4d056ae7eefa,8a81117f-67e1-40e8-9901-f93be24dd4e9,32015280-35c9-4828-a167-85cebf337ec6,XL,,,,,,"2026-09-13 05:41:19.695304+00",CJWY124878972TG
cd62e838-f965-4e96-a95b-d1d121f0bae4,8a81117f-67e1-40e8-9901-f93be24dd4e9,b4f62ac4-302e-446d-93f1-df97d38722c7,XXL,,,,,,"2026-09-13 05:41:21.071771+00",CJWY124878973UF
75af5b0a-f67d-4e5c-b298-ab22f30c1111,8a81117f-67e1-40e8-9901-f93be24dd4e9,b4f62ac4-302e-446d-93f1-df97d38722c7,XXXL,,,,,,"2026-09-13 05:41:21.341843+00",CJWY124878974VE
df6e5284-fa20-4c56-9e15-e7db5c3355b5,8a81117f-67e1-40e8-9901-f93be24dd4e9,b4f62ac4-302e-446d-93f1-df97d38722c7,4XL,,,,,,"2026-09-13 05:41:21.607397+00",CJWY124878975WD
b0cde687-c13c-4a8a-9ec9-3bc8da0e7dbe,8a81117f-67e1-40e8-9901-f93be24dd4e9,b4f62ac4-302e-446d-93f1-df97d38722c7,5XL,,,,,,"2026-09-13 05:41:21.880814+00",CJWY124878976XC
4f487080-368c-4082-9ccc-dc0a38f6c4d9,8a81117f-67e1-40e8-9901-f93be24dd4e9,b4f62ac4-302e-446d-93f1-df97d38722c7,L,,,,,,"2026-09-13 05:41:22.143145+00",CJWY124878977YB
5b1070aa-9994-4502-942a-e7c503607000,8a81117f-67e1-40e8-9901-f93be24dd4e9,b4f62ac4-302e-446d-93f1-df97d38722c7,M,,,,,,"2026-09-13 05:41:22.428059+00",CJWY124878978ZA
c2786450-0efa-4e01-a196-2c4b7eaa83fd,8a81117f-67e1-40e8-9901-f93be24dd4e9,b4f62ac4-302e-446d-93f1-df97d38722c7,S,,,,,,"2026-09-13 05:41:22.705682+00",CJWY124878979AZ
80778159-ddcd-4ce7-a4dc-107f3742237e,8a81117f-67e1-40e8-9901-f93be24dd4e9,b4f62ac4-302e-446d-93f1-df97d38722c7,XL,,,,,,"2026-09-13 05:41:23.078562+00",CJWY124878980BY
969aad97-50bc-45b7-8851-c9a954bc86d4,8a81117f-67e1-40e8-9901-f93be24dd4e9,82412f44-a015-4d23-8910-f366a21bc2cc,XXL,,,,,,"2026-09-13 05:41:24.62386+00",CJWY124878981CX
d642c4e1-4b2c-4e59-bd92-cd4454eaad69,8a81117f-67e1-40e8-9901-f93be24dd4e9,82412f44-a015-4d23-8910-f366a21bc2cc,XXXL,,,,,,"2026-09-13 05:41:24.889926+00",CJWY124878982DW
bed88815-ab42-4e6b-b916-e91cb8ca08d9,8a81117f-67e1-40e8-9901-f93be24dd4e9,82412f44-a015-4d23-8910-f366a21bc2cc,4XL,,,,,,"2026-09-13 05:41:25.169275+00",CJWY124878983EV
403bb323-6c1d-42cb-8b64-03a0f7aee5b1,8a81117f-67e1-40e8-9901-f93be24dd4e9,82412f44-a015-4d23-8910-f366a21bc2cc,5XL,,,,,,"2026-09-13 05:41:25.453434+00",CJWY124878984FU
0891f4f6-70fb-41de-abd6-e209ba30d73b,8a81117f-67e1-40e8-9901-f93be24dd4e9,82412f44-a015-4d23-8910-f366a21bc2cc,L,,,,,,"2026-09-13 05:41:25.730288+00",CJWY124878985GT
80f969e1-92ea-48ae-bb60-d5ac8ed623f3,8a81117f-67e1-40e8-9901-f93be24dd4e9,82412f44-a015-4d23-8910-f366a21bc2cc,M,,,,,,"2026-09-13 05:41:25.998436+00",CJWY124878986HS
cda42ca8-58af-4a0d-be3b-404403cdede0,8a81117f-67e1-40e8-9901-f93be24dd4e9,82412f44-a015-4d23-8910-f366a21bc2cc,S,,,,,,"2026-09-13 05:41:26.260933+00",CJWY124878987IR
097dac54-2f5a-473c-887a-d6d4c9a51f6c,8a81117f-67e1-40e8-9901-f93be24dd4e9,82412f44-a015-4d23-8910-f366a21bc2cc,XL,,,,,,"2026-09-13 05:41:26.529344+00",CJWY124878988JQ
a4a38d94-d146-4760-9915-460886bbcf32,8a81117f-67e1-40e8-9901-f93be24dd4e9,20a45f92-ae40-450b-b020-420ccd6ef9bd,XXL,,,,,,"2026-09-13 05:41:27.868121+00",CJWY124878989KP
95400218-8e78-4a0e-adf5-fda260d49bc4,8a81117f-67e1-40e8-9901-f93be24dd4e9,20a45f92-ae40-450b-b020-420ccd6ef9bd,XXXL,,,,,,"2026-09-13 05:41:28.145591+00",CJWY124878990LO
1acb4184-b801-48d6-8478-4d2207dc4eea,8a81117f-67e1-40e8-9901-f93be24dd4e9,20a45f92-ae40-450b-b020-420ccd6ef9bd,4XL,,,,,,"2026-09-13 05:41:28.410158+00",CJWY124878991MN
0e41546a-a203-4f09-a6de-b3c96e1dfb21,8a81117f-67e1-40e8-9901-f93be24dd4e9,20a45f92-ae40-450b-b020-420ccd6ef9bd,5XL,,,,,,"2026-09-13 05:41:28.680908+00",CJWY124878992NM
95240ef8-b0f9-4934-90e1-f39658f667da,8a81117f-67e1-40e8-9901-f93be24dd4e9,20a45f92-ae40-450b-b020-420ccd6ef9bd,L,,,,,,"2026-09-13 05:41:28.951948+00",CJWY124878993OL
d09d90b0-97c9-4751-9f19-5e2bd6ed3639,8a81117f-67e1-40e8-9901-f93be24dd4e9,20a45f92-ae40-450b-b020-420ccd6ef9bd,M,,,,,,"2026-09-13 05:41:29.313195+00",CJWY124878994PK
2926d9a5-00cd-4a46-8ab5-cd8d0ba8d8f6,8a81117f-67e1-40e8-9901-f93be24dd4e9,20a45f92-ae40-450b-b020-420ccd6ef9bd,S,,,,,,"2026-09-13 05:41:29.649401+00",CJWY124878995QJ
cba129c6-8aae-4c3e-9567-aff253312af7,8a81117f-67e1-40e8-9901-f93be24dd4e9,20a45f92-ae40-450b-b020-420ccd6ef9bd,XL,,,,,,"2026-09-13 05:41:29.917813+00",CJWY124878996RI